"台灣易思資訊科技股份有限公司",1a2x6bk2lv
"伯茂事業股份有限公司",18j2ge00
"科締納科技股份有限公司_Cortina Systems Taiwan Limited",10uyi7m8
"辰銘資訊有限公司",1a2x6blq00
"茂達電子股份有限公司",7gsk3g0
"VNG_新加坡商維技遊戲股份有限公司台灣分公司",1a2x6blp92
"精材科技股份有限公司",7ovnv1s
"艾杰旭顯示玻璃股份有限公司",wfcblls
"競合國際行銷股份有限公司",7hilan4
"邦鉑科技股份有限公司",1a2x6bkdyp
"雲陽科技有限公司",7h1a2oo
"幸福空間股份有限公司",d6hr8sg
"帛聖科技股份有限公司",5w6zyqw
"博大科技股份有限公司",13ut1u60
"泓偊科技股份有限公司",1a2x6bk4hv
"美商夜貓子控股有限責任公司",1a2x6bl4ry
"德特蒙有限公司",a49i0g8
"磐儀科技股份有限公司",12syxbco
"毅耀實業股份有限公司",axky5k8
"捷盛電子科技股份有限公司",13uulbuo
"資騰科技股份有限公司",a8ftmco
"信祥股份有限公司",5nthncg
"兆益奈米科技股份有限公司",1a2x6bi7fx
"尚萬有限公司",1a2x6blpor
"印正有限公司",1a2x6bkecc
"全科科技股份有限公司",13iqsaao
"有鳴股份有限公司",1a2x6bldr1
"Goshop嚴選研究室_宙勝數位企業有限公司",1a2x6bk5iz
"金佶科技股份有限公司",b4hyyl4
"威紘電線電纜有限公司",10ro1ju8
"台灣樂線有限公司",1a2x6bjh51
"Tata Consultancy Services Limited Taiwan Branch_印度商塔塔顧問服務有限公司台灣分公司",cikbtiw
"東浦精密光電股份有限公司",151n96xc
"立景創新科技有限公司",1a2x6bkiwz
"裕和源有限公司",1a2x6blka2
"非序行銷工作室",1a2x6bluec
"陽光花園科技股份有限公司",1a2x6bj6b7
"捷智科技股份有限公司",agzwji0
"欣發企業有限公司",1a2x6bl7ss
"長益精密工業股份有限公司",13o429y8
"裕勳科技有限公司",1a2x6bjdwd
"拓緯實業股份有限公司",alzlm2o
"直播科技股份有限公司",10usebq0
"增你強股份有限公司",5p3nff4
"英屬開曼群島商世芯股份有限公司台灣分公司",1a2x6bjq7e
"春樹科技股份有限公司",b7rmrs8
"彩得線上娛樂股份有限公司",b9056ig
"聯銓資訊科技有限公司",13nkbe4o
"中華數位科技股份有限公司",5sfe328
"易遊網股份有限公司",wdhagx4
"柿子紅科技股份有限公司",1a2x6bk7wr
"佳靖科技有限公司",112l8phk
"台灣雲暉科技有限公司",1a2x6bkqfc
"達人通信科技有限公司",1a2x6bjecs
"復盛精密工業股份有限公司",5l1hgv4
"旭捷資訊有限公司",1a2x6blp11
"陽明資訊股份有限公司",e85isjs
"勤發電子股份有限公司",audg5ag
"長生太陽能股份有限公司",1a2x6bj4df
"藍新科技股份有限公司",wf0ru0g
"睿能資訊股份有限公司",1a2x6bm6v6
"網際威龍科技有限公司",wcfthnc
"天堂遊戲有限公司",1a2x6bjprf
"台灣東電化股份有限公司(TDK)",km9w2zk
"瑞泰科技服務有限公司",1a2x6bl1p3
"台灣?羽電機股份有限公司",lm7tegg
"達易智造股份有限公司",1a2x6bl3m7
"南茂科技股份有限公司",7eres28
"果然資訊科技有限公司",cwsbx2w
"惠邦創意整合行銷有限公司",1a2x6bl6eq
"康邵資訊有限公司",b94wiq0
"台灣伸和控制工業股份有限公司",1a2x6biud8
"晶焱科技股份有限公司",cwfahe0
"椰城股份有限公司",2a99h2g
"今?實業股份有限公司",9mh81u8
"研揚科技股份有限公司",oee5hew
"先鋒網絡服務有限公司",1a2x6blp10
"威策電腦股份有限公司",aa5psuw
"瑞相科技股份有限公司",cv2fnhk
"九鳳數位娛樂有限公司",1a2x6bjbra
"馬太網路科技有限公司",1a2x6bl4zw
"凌嘉科技股份有限公司",wg1cta0
"Studio5_	五號影像股份有限公司",1a2x6bkro4
"樂榮工業股份有限公司",aik7rfs
"毅宜工業股份有限公司",3imnwjs
"禾伸堂企業股份有限公司",9li5mb4
"億力鑫系統科技股份有限公司",cprnnsw
"尚昱應用材料股份有限公司",whdcpr4
"StreetVoice _街聲股份有限公司",1a2x6bj3jr
"英諾瓦資訊科技服務有限公司",1a2x6bjjfu
"矽立科技有限公司",od0gwiw
"仁寶集團_恆顥科技股份有限公司",oeg2v3k
"寬度科技股份有限公司",cmvynoo
"點序科技股份有限公司",daew9gg
"MPS_芯源系統有限公司",d6tp43k
"利邦國際行銷有限公司",1a2x6bl662
"台灣轉送股份有限公司",1a2x6bjgxc
"智聯服務股份有限公司",1a2x6bkwwg
"特試能科技股份有限公司",1a2x6bknz8
"虹漾網路行銷多媒體",1a2x6blfam
"英屬維京群島商嘉碼科技有限公司台灣分公司",dbj2z8w
"力晶積成電子製造股份有限公司(力積電)",cwxk0oo
"普安科技股份有限公司",12nyb2c0
"第五代虛擬科技股份有限公司",1a2x6bjoac
"台灣榮保科技有限公司",1a2x6bkplf
"陞晑企業股份有限公司",whfygr4
"香港商安費諾（東亞）有限公司台灣分公司",at88ghc
"遠東醫電科技股份有限公司",b4zt5ew
"雲創通訊股份有限公司",1a2x6bichu
"愛德萬測試股份有限公司",at3y78o
"岱陞科技股份有限公司",b9a6cts
"茂德科技股份有限公司",12nomg6g
"亞毅精密股份有限公司",cj5atb4
"海科科技有限公司",1a2x6bloyo
"展碩電子股份有限公司",110f6suo
"替您錄科技股份有限公司(TGC Taiwan, Inc.)",cqrq914
"關鍵數位科技股份有限公司",1a2x6bjd78
"光影科技有限公司",1a2x6blmt3
"HUNG YANG SOFTWARE TECH. CO., LTD._鴻揚科技有限公司",10z7cuiw
"騰鴻機櫃系統股份有限公司",1a2x6bkb07
"Intel_美商英特爾亞太科技有限公司台灣分公司",7jrgna8
"豐藝電子股份有限公司",a6chcdk
"漢保實業股份有限公司",9mycqgg
"臻鼎科技集團_先豐通訊股份有限公司",ad0jsgo
"勗連科技股份有限公司",dahcb7k
"翊盛國際有限公司",oky4fbc
"台灣路德電子有限公司",13p50ezc
"淮南寰宇股份有限公司",1a2x6bj6ly
"星凱海洋企業股份有限公司",1a2x6bkk6g
"飛比特國際股份有限公司",1a2x6bl3e8
"宇軒綠能股份有限公司",1a2x6blhag
"應科聯有限公司",1a2x6blup8
"日商拓玩意達股份有限公司台灣分公司",1a2x6bm6kx
"香港商米波國際有限公司台灣分公司",1a2x6bisn4
"香港商艾遊股份有限公司台灣分公司",1a2x6bm6n3
"永磐科技股份有限公司",9lwtw20
"萊思特科技股份有限公司",1a2x6bkpmg
"美商賽靈思發展股份有限公司台灣分公司   XILINX DEVELOPMENT CORPORATION",d23qz0g
"(捷普集團)綠點高新科技股份有限公司捷普設計服務分公司",cwxfyuo
"奧義智慧科技股份有限公司",1a2x6bk9u1
"法博智能移動股份有限公司",1a2x6blpbc
"中華龍網股份有限公司",10srlnl4
"產晶積體電路股份有限公司",12potq94
"訊想科技股份有限公司",1a2x6bi8bh
"多聯科技股份有限公司",18n1s1oo
"古河國際股份有限公司",wc6j98o
"Allion_百佳泰股份有限公司",13kxcxbc
"亞達科技股份有限公司",1a2x6bkc3s
"洺喬精密科技有限公司",1a2x6bkfkl
"銓智科技有限公司",10vbtm3s
"光頡科技股份有限公司",7erfogw
"網軟股份有限公司",5tvia9s
"台灣東應化股份有限公司(長春石化關係企業)",7jt0hbc
"GOMAJI_夠麻吉股份有限公司",bjv2ebc
"米雷迪恩飛秒光源股份有限公司",1a2x6bkhjh
"領投肯科技股份有限公司",1a2x6bl039
"嘉鋐資訊有限公司",1a2x6bm2ig
"嘉德行銷有限公司",1a2x6bl950
"遠傳電信大園中華加盟門市_欣沅企業社",1a2x6blt36
"菱光科技股份有限公司",7mh7q0g
"伽瑪科技有限公司",ohvg3cw
"鈊悅媒體科技有限公司",1a2x6bllzg
"賽博朋克科技有限公司",1a2x6blgj9
"曠世智能股份有限公司",1a2x6bktcx
"大衛電子股份有限公司",2cejr3s
"龍鵬實業有限公司",ggesojs
"美商_科林研發股份有限公司_Lam Research",12noi188
"志展實業股份有限公司",5y1a4r4
"全譜科技股份有限公司",12ugue7k
"世達工業股份有限公司",558m7s0
"馳諾瓦科技股份有限公司",1a2x6bm6yi
"吉津科技有限公司",1a2x6bm6yd
"德緯科技有限公司",1a2x6bkrz0
"嘉信國際貿易有限公司",10sdtqyo
"一帆數位科技股份有限公司",1a2x6bm6oh
"任你玩科技股份有限公司",1a2x6bm71r
"美商奇普恆動股份有限公司台灣分公司",1a2x6bm6m7
"千峰系統科技股份有限公司",3418dg0
"聯順聯網股份有限公司",1a2x6bjmkx
"晶致半導體股份有限公司",7rdbz8o
"聖道科技股份有限公司",1a2x6bl1qq
"威進國際資訊股份有限公司",6223bwo
"裕晨科技股份有限公司",1a2x6bl7bv
"展眥篕琲悒鬫陪迨膝q",9jjuzoo
"鋆鼎國際有限公司",1a2x6blomt
"勝德國際研發股份有限公司",5u30vs8
"宏達電 HTC Corporation_宏達國際電子股份有限公司",7co2xio
"芝普企業股份有限公司",ap6c4dk
"笙科電子股份有限公司",cua49yg
"永宏電機股份有限公司",13y6osww
"翔評互動股份有限公司",1a2x6bkbj5
"和全豐光電股份有限公司_Bueno旗下光學事業群",1a2x6bkdx4
"?星科技股份有限公司",1a2x6bkms2
"優式機器人股份有限公司",1a2x6bkxbm
"晨豐光電股份有限公司",bj2ah3s
"福懋科技股份有限公司",ay1tn5s
"美商英特蒙股份有限公司台灣分公司",1a2x6bjwdg
"聚立科技有限公司",bi88k14
"久大寰宇資訊股份有限公司",1a2x6bk4jn
"台灣特思爾大宇宙股份有限公司",1a2x6bjou4
"詮隼科技股份有限公司",1a2x6bkhtk
"尼克森微電子股份有限公司",7p23g8o
"聯城工業股份有限公司",5ici1i8
"BigGo_樂方股份有限公司",1a2x6bkf3h
"樺緯物聯股份有限公司",10zdpxfs
"晶相光電股份有限公司",cjgrpi8
"圓展科技股份有限公司",d25q6a8
"優愛德股份有限公司",de2utio
"連宇股份有限公司",hnksdjk
"雷神國際實業股份有限公司",11agwj9c
"雷神國際實業股份有限公司",11agwj9c
"天才視野資訊股份有限公司",d668zzc
"普魯士國際有限公司",1a2x6bj2zr
"弘倫通訊有限公司",1a2x6bi6mb
"創創數位科技股份有限公司",1a2x6bkq2h
"優堤科技有限公司",1a2x6blhxz
"漢龍資訊科技股份有限公司",aki26q8
"智林國際股份有限公司",1a2x6bkjpo
"賢昇科技股份有限公司",a8321lk
"旭喬國際有限公司",1a2x6bkts2
"創意細胞網路整合有限公司",1a2x6bkxsx
"完美數位科技有限公司",1a2x6bla0i
"威鋒電子股份有限公司",1a2x6bi080
"捷亮科技股份有限公司",b7pfqvk
"夏普震旦_震旦電信股份有限公司",cxwm00g
"摩太科技股份有限公司",10swrwu0
"孕龍科技股份有限公司",7h0bb54
"富弘年股份有限公司",7f5ab34
"台灣寶尊電子商務股份有限公司",1a2x6bjg8s
"全鎂實業股份有限公司",1a2x6bjx3x
"磐弈有限公司",1a2x6bl849
"ePrice比價王_億普媒體股份有限公司",wexinnc
"鴻呈實業股份有限公司",14zug46o
"博士門股份有限公司",18s1tnnc
"龍瑞國際股份有限公司",1a2x6bkjti
"全利誠實業有限公司",1a2x6biemo
"智成電子股份有限公司",5wzol4o
"葵谷科技實業有限公司",a8xxzow
"確認鍵網路行銷有限公司",1a2x6bl5rw
"鎧暘科技股份有限公司",10z38w4w
"兆竑智聯股份有限公司",1a2x6bl6o7
"KYOCERA ASIA PACIFIC PTE. LTD._新加坡商京瓷亞太有限公司台北分公司",7qiwxy0
"歐鎷數位資訊股份有限公司",b89jus0
"綠源動力科技股份有限公司",1a2x6bjug2
"澳洲商安藤太空股份有限公司台灣辦事處",1a2x6blwmf
"香港商華瀾微電子(香港)有限公司",1a2x6bk9aa
"台灣東亞電磁鋼股份有限公司",1xv6ids
"領先創新科技股份有限公司",1a2x6bla8z
"大都會網路科技股份有限公司",wchljz4
"英華達股份有限公司",wifucgw
"力晶科技股份有限公司",12nodd0o
"松翰科技股份有限公司",18l95gqo
"太盟光電科技股份有限公司",18hywvuw
"亦威科技股份有限公司",1a2x6bialv
"台灣索思未來科技股份有限公司",1a2x6bjvfb
"詮登科技有限公司",1a2x6bk3k6
"澳洲商來點別的系統有限公司",1a2x6bkv09
"晨楊科技股份有限公司",1a2x6bl66s
"展杰資訊有限公司",1a2x6bl9rp
"普諾睿科技有限公司",1a2x6bm70q
"瑞迪國際股份有限公司",10vg8pq8
"菁盛企業有限公司",b0vpidc
"球據智能運動數據分析有限公司",1a2x6blryt
"量素科技股份有限公司",1a2x6bm39s
"晶銅科技有限公司",1a2x6blgyf
"向雲科技股份有限公司",1a2x6bim60
"巨兆數位有限公司",1a2x6blnsh
"那維亞科技股份有限公司",1a2x6bj6kv
"菲尼克斯有限公司",co25qew
"聯合光纖通信股份有限公司",9qzs9mg
"異軍互動娛樂股份有限公司",1a2x6bjl13
"宅急網股份有限公司",10qggtaw
"新工光電科技股份有限公司",1a2x6bm3jm
"台灣大哥大特約門市大同延平北_前進電訊有限公司",1a2x6bipm6
"健策精密工業股份有限公司",aaptjn4
"黃氏兄弟有限公司",1a2x6blnev
"上田科技股份有限公司",cknlf1s
"鉅堡科技股份有限公司",cljar0g
"鍵科有限公司",1a2x6bjxbz
"鼎睄あ鴐鴔猼悒鬫陪迨膝q",1a2x6bigyr
"華矽半導體股份有限公司",12prrniw
"加拿大商創力網絡科技股份有限公司_LANTRONIX TECHNOLOGIES CANADA (TAIWAN) LTD.",1a2x6bjjuk
"貫傑科技有限公司",1a2x6blaex
"鴻暉國際科技股份有限公司",1a2x6blg42
"牛灣娛樂有限公司",1a2x6bm6uh
"機光科技股份有限公司",5wgljc0
"台虹科技股份有限公司",7fw2qzs
"騰璽科技股份有限公司",1a2x6bjp3i
"鴻準精密工業股份有限公司",aw30gbs
"嘉力資訊有限公司",13un46t4
"宇碩光電有限公司",1a2x6bj0za
"摩思科技股份有限公司",10y6w4t4
"英屬維京群島商分子尼奧科技股份有限公司台灣分公司",1a2x6bm714
"昂德光學股份有限公司",ag7sqcg
"台精精密股份有限公司",5qj58aw
"美商富迪科技股份有限公司台灣分公司",1a2x6bihi0
"奕科有限公司",1a2x6bku0v
"鑫視科技股份有限公司",7t54ejc
"台灣理光股份有限公司",dcjxtg8
"礫石網路多媒體企業社",1a2x6bldg0
"諾鈦系統有限公司",1a2x6bju0g
"洋銘資訊股份有限公司",1a2x6bjm3x
"傑人文教科技有限公司",1a2x6biqux
"偉貿企業有限公司",1a2x6bjasr
"麗臺科技股份有限公司",a97q9sg
"榮陽企業股份有限公司",1569eo9c
"金良興科技股份有限公司",1a2x6blz0c
"筑科科技股份有限公司",110kvkrk
"宏羚股份有限公司",27rd7o0
"塞特科技股份有限公司",1a2x6bkwfb
"金美利事業有限公司",1a2x6bm3rw
"研杰科技股份有限公司",61jk0rc
"荃聚整合行銷有限公司",1a2x6bkyxo
"欣元電子有限公司",10v1nleo
"香港商台灣邏輯媒體科技有限公司台灣分公司",1a2x6bkfkb
"捕夢網數位科技有限公司",10yvej0g
"優護平台股份有限公司",1a2x6bjlqv
"海豚智慧物聯網股份有限公司",1a2x6bm5lz
"三趨科技股份有限公司",7m69tgg
"台灣杰斯特半導體設備技術股份有限公司",1a2x6bjovd
"亞舍立科技股份有限公司_Axcelis Technologies",5tjksuo
"葳群科技有限公司",1a2x6bihif
"嵩台資訊股份有限公司",13owb248
"博訊科技股份有限公司",1300dv5c
"旭軟電子科技股份有限公司",7nre93c
"創意點子數位股份有限公司",1a2x6bime7
"敦新科技股份有限公司",5snb99k
"鴻星數位科技股份有限公司",bk9jc68
"台灣愛歐達股份有限公司",ddjf60o
"緯穎科技服務股份有限公司",onw9tj4
"精拓科技股份有限公司",10wkh3pc
"香港商中電長城臺北研發中心有限公司",1a2x6bjz82
"鴻星數位科技股份有限公司",bk9jc68
"賽鍉克動畫有限公司",1a2x6bk4ab
"創量科技股份有限公司",10w0ewh4
"甲尚股份有限公司",12swdh0w
"立光科技國際股份有限公司",wcwlm3s
"Silicon-Core Technology_矽芯有限公司",1a2x6bjija
"新加坡商韋能能源有限公司台灣分公司",1a2x6bk07z
"連毅科技股份有限公司",1a2x6bkcqw
"迪普資訊整合有限公司",1a2x6bl668
"鎰譁實業有限公司",12znidyo
"元頂資訊有限公司",1a2x6blx78
"晶天下有限公司",1a2x6bm6ym
"新逸資訊科技有限公司",1a2x6bkzaj
"香港商伊迪媒體網路技術有限公司台灣分公司",1a2x6bm6v3
"賀康生醫股份有限公司",1a2x6bl4h2
"黑訊科技股份有限公司",1a2x6bkf8e
"中聯峰能源有限公司",1a2x6bloet
"展音企業有限公司",1a2x6bm6yu
"翔探科技股份有限公司",1a2x6bkkg8
"晶準智慧股份有限公司",1a2x6bm6w9
"啟航通訊行",1a2x6bjsh7
"兆利豐股份有限公司",1a2x6bm6t6
"銘元資訊科技有限公司",1a2x6blpxd
"朝陽事務機器有限公司",10o72vog
"豪頡科技有限公司",clofee0
"研頂科技系統股份有限公司",1a2x6bm6za
"東立材料股份有限公司",1a2x6biest
"某科技股份有限公司台灣分公司",1a2x6blv5x
"漢科系統科技股份有限公司",ay3xxaw
"艾師有限公司",1a2x6bl0x4
"吉裕電子有限公司",10thxtug
"香港商默升科技有限公司台灣分公司",1a2x6bkfzs
"台灣谷嘉美有限公司",1a2x6bjk9h
"商智資訊股份有限公司",614ykv4
"極風網路股份有限公司",1a2x6bkopk
"長智貿易股份有限公司",1a2x6bjxj7
"全能資訊科技有限公司",1a2x6bl36j
"鑫日東光電股份有限公司",ofkb92o
"翊浩科技股份有限公司",1a2x6bhzkg
"亞盾科技股份有限公司",5t6utyw
"開弘電子企業有限公司",adsypb4
"京輝監控科技有限公司",ofwxcao
"三友國際有限公司",7moaad4
"皓昕實業有限公司",1a2x6bm6yl
"Sigmatron International Inc. Taiwan Branch_美商喜瑪慶國際股份有限公司台灣分公司",1301v29s
"商越科技股份有限公司",13knip00
"愛迪亞科技股份有限公司",18n5ib0o
"金氏科訊股份有限公司",18r16t94
"秉紳股份有限公司",1a2x6bi7z1
"統億材料股份有限公司",cx5g180
"遠振資訊有限公司",cx9empk
"偉勝儀器工業股份有限公司",a5wsm4o
"久正光電股份有限公司",a5i3tv4
"騰隆工業工程股份有限公司",25gyqgg
"宣德科技股份有限公司",ayprjpk
"甯w集團_佳普股份有限公司",5leym54
"理動精密股份有限公司",1a2x6bjcbr
"佳大科技有限公司",10ryhxzs
"理動精密股份有限公司",1a2x6bjcbr
"聚時工作室",1a2x6bm0di
"新加坡商品諾科技股份有限公司台灣分公司",1a2x6blodk
"美商科點半導體有限公司",1a2x6bkeeh
"荃勤環境維護有限公司",1a2x6bkzj4
"壹蒔壹行銷管理顧問股份有限公司",1a2x6blb0z
"虹承科技有限公司",1a2x6blfpt
"跨界創新有限公司",1a2x6blhqh
"妡球崛起科技有限公司",1a2x6bll8r
"賦能港科技股份有限公司",1a2x6blyp9
"豪穎科技股份有限公司",1a2x6bm4ad
"元鈺自動化有限公司",1a2x6bm3bs
"燁新科技有限公司",1a2x6bm6rq
"凱臻電子有限公司",1a2x6bm6y1
"宥興工程行",1a2x6bm6ui
"記得存檔有限公司",1a2x6bm6we
"薩摩亞商愛旺電子科技有限公司台灣分公司",1a2x6bjol5
"LARUS Limited",1a2x6bl5fc
"飛訊資訊科技有限公司",abjy0jc
"東明數位相機王_東明數位實業有限公司",10vdxg1k
"瑞豪通訊有限公司",1a2x6blf2k
"晶訊科技股份有限公司",12vlr8l4
"長天國際企業有限公司",1a2x6bi4kt
"承星資訊科技有限公司",1a2x6bjt68
"慶燁科技股份有限公司",7mwjz6o
"華越資通企管顧問有限公司",1a2x6bjwe4
"七友科技股份有限公司",wfnk76w
"光映科技股份有限公司",12srhl8g
"東京威力科創股份有限公司",18jqrzls
"Adam Elements International Co., Ltd._亞果元素國際股份有限公司",1a2x6bj13y
"七友科技股份有限公司",wfnk76w
"將大科技股份有限公司",1a2x6blwh7
"巨匠雲科技教育股份有限公司",1a2x6bkkbm
"台灣富士通科技股份有限公司",1a2x6bkz8f
"elevo_艾樂維教育科技股份有限公司",1a2x6blnj7
"英屬維京群島商蔚藍雲數位科技股份有限公司台灣分公司",1a2x6bloun
"愛享娛樂有限公司",1a2x6blovw
"思凱睿克股份有限公司",1a2x6bjtoy
"新加坡商旭創光通有限公司台灣分公司",1a2x6bkxyh
"得利購股份有限公司",1a2x6bklot
"新芽網路股份有限公司",1a2x6bjd09
"三星國際機械股份有限公司",b79x5b4
"創唯達實業股份有限公司",15ceyh48
"慶聲科技股份有限公司",fvqm34o
"風采有限公司",1a2x6bl9po
"安傑特科技股份有限公司",1a2x6blf2o
"匯陞資訊有限公司",1a2x6bkx7m
"加合科技股份有限公司",ogg3s08
"航普科技有限公司",1a2x6bii1g
"英屬開曼群島商乙盛精密工業股份有限公司台灣分公司",db895ao
"興進事業有限公司",ayfuuns
"海量數位工程股份有限公司",5t25ako
"雅特力科技股份有限公司",1a2x6blojm
"境象國際網路商務有限公司",1a2x6bl8n8
"庚霖電子企業有限公司",ablg07k
"華紅股份有限公司",1a2x6bl9gt
"吉音資訊有限公司",10uhacsw
"地儀光電科技股份有限公司",ay7mxvs
"亞德克股份有限公司",1a2x6bhzfq
"楓橡科技股份有限公司",7mfclcg
"楓橡科技股份有限公司",7mfclcg
"創勢科技股份有限公司",1a2x6bkh6r
"瑞訊股份有限公司",awz5xb4
"禾鏵實業有限公司",d4ai320
"英特拉金融科技股份有限公司",1a2x6bkus5
"典輝光電股份有限公司",czyv0eo
"全智科技股份有限公司",whip92w
"安矽思科技股份有限公司",112unpyo
"建榮工業材料股份有限公司",13tpt2lk
"力歐科技股份有限公司",150d1pw8
"九佳科技股份有限公司",13ietr2g
"費米股份有限公司",1a2x6bj1pp
"悠創科技股份有限公司",1a2x6bji48
"光時代科技股份有限公司",1a2x6bky9g
"傲索科技有限公司",1a2x6bl3tp
"優力勁聯股份有限公司",1a2x6bl5y7
"膜力威數位生活館_膜力威數位科技有限公司",1a2x6bjstx
"原旻國際科技有限公司",1a2x6bjg3s
"永杰科技股份有限公司",co0uu54
"猿王資訊有限公司",1a2x6blk2x
"酷樂石軟體股份有限公司",1a2x6bkqhr
"尚玄國際股份有限公司",1a2x6bl99e
"中飛科技股份有限公司",ctd1rxk
"嘉緹科技股份有限公司",1a2x6bj45p
"上暘光學股份有限公司",1a2x6bi8ke
"美商六度有限公司台灣辦事處",1a2x6bln63
"美商世紀新訊股份有限公司台灣分公司",dbau27c
"台灣德聯高科股份有限公司",at550wo
"五陽暖暖股份有限公司",1a2x6bkl2l
"上道工程股份有限公司",11bhkrt4
"響友科技有限公司",1a2x6bi99g
"弘勝光電股份有限公司",b4m368g
"偉盛資訊股份有限公司",1a2x6bm1mf
"愛爾蘭商益華科技股份有限公司台灣分公司",7ozuzmw
"銀興科技股份有限公司",5l2e73s
"見智科技股份有限公司",10qsdm14
"群力科技股份有限公司",10t67f20
"騰騏科技股份有限公司",1a2x6blijj
"耀群科技股份有限公司",10yupd5c
"世同電子股份有限公司",12rowgqw
"小婷電腦有限公司",b4gojag
"新鉅峰國際科技有限公司",1a2x6bik4v
"捷暉光學科技股份有限公司",co58fr4
"奧璐佳瑙科技股份有限公司",cru6ei8
"金宇科技股份有限公司",d0sag2g
"威小寶創意科技股份有限公司",1a2x6bjhbz
"大千科技有限公司",1a2x6bm6rw
"立璽科技股份有限公司",1a2x6bjstf
"同源數位智能股份有限公司",1a2x6bm6qu
"喜馬拉雅科技有限公司",1a2x6bm6s3
"翡莉絲網路科技有限公司",1a2x6bm3ma
"環台光電股份有限公司",1a2x6bla7m
"揚歐機械服務股份有限公司",1a2x6bln29
"日勗能源股份有限公司",1a2x6blwzk
"喬棋數位廣告行銷有限公司",ofr846g
"朵朵雲網絡行銷股份有限公司",1a2x6biwgc
"慧德科技股份有限公司",1a2x6bies5
"臺灣發展軟體科技股份有限公司",1a2x6bknlh
"勤樺資訊股份有限公司",1a2x6blo6k
"巨虹電子股份有限公司",12vmkh20
"摩拓旅程股份有限公司",1a2x6blhuj
"吉嘉電子股份有限公司",9r5z5jk
"財神金流有限公司",1a2x6bm0hy
"量算科技有限公司",1a2x6blkjb
"義倉精機股份有限公司",4c5m3vs
"智安帳本科技股份有限公司",1a2x6bkg2y
"PicCollage拼貼趣_美商凱德諾藍股份有限公司台灣分公司",dbi1980
"博思資訊管理顧問有限公司",1a2x6blhw5
"香港商阿爾伊股份有限公司台灣分公司",1a2x6bjzwz
"泰錸科技有限公司",1a2x6bk23t
"永盛通訊有限公司",1a2x6bjaoc
"得揚科技股份有限公司",1a2x6bk0vg
"Nogle Taiwan Limited_諾傑股份有限公司",1a2x6bj7rm
"台灣阿美特克股份有限公司",1a2x6bibea
"友立數位科技股份有限公司",1a2x6bipcf
"香港商泥巴娛樂有限公司台灣分公司",1a2x6bl74r
"挪威商悅瞻軟體股份有限公司台灣分公司",1a2x6bjrfr
"元威資訊科技股份有限公司",wbwhxiw
"易禧創意科技股份有限公司",wezci0o
"合正科技股份有限公司",13ns3f5c
"萊優事業有限公司",d1fop20
"泰仕電子工業股份有限公司",ag7s5ig
"信睦股份有限公司",gggwj9c
"瑪居禮電波工業股份有限公司",29u76ow
"中程資訊顧問有限公司",1a2x6bi9km
"豪晶科技股份有限公司新竹科學園區分公司",5vp2xao
"基準電子股份有限公司",12qysmn4
"智威科技股份有限公司",1310czdk
"點晶科技股份有限公司",18pq6ze0
"佳靖電子股份有限公司",1a2x6bi5tb
"中程資訊顧問有限公司",1a2x6bi9km
"基準電子股份有限公司",12qysmn4
"智威科技股份有限公司",1310czdk
"瑪居禮電波工業股份有限公司",29u76ow
"點晶科技股份有限公司",18pq6ze0
"佳靖電子股份有限公司",1a2x6bi5tb
"豪晶科技股份有限公司新竹科學園區分公司",5vp2xao
"昱盛電子股份有限公司",1a2x6binwf
"沛星互動科技股份有限公司",1a2x6biwai
"頡威軟體科技有限公司",1a2x6bjfdd
"歐蒙德股份有限公司",1a2x6blub8
"美商心環科技股份有限公司台灣分公司",1a2x6blvdv
"太平洋綠能股份有限公司",1a2x6bkwee
"木荷科技股份有限公司",1a2x6bkvje
"韓商先進科技股份有限公司",1a2x6bl2a0
"騰冠科技有限公司",1a2x6bl3dx
"新加坡商耐思人工智能有限公司台灣分公司",1a2x6bl2di
"遐光映畫工作室",1a2x6blffv
"禾亞數位科技股份有限公司",1a2x6blx7h
"明潤電腦有限公司",1a2x6bm57t
"虹城企業有限公司",1a2x6bm6mp
"淞盛科技有限公司",1a2x6bm6o6
"恩翔資訊科技有限公司",1a2x6bm6p4
"台林電通股份有限公司",5n29k60
"新科勢資訊有限公司",1a2x6bk9dg
"永恆國際網路有限公司",1a2x6bkvgc
"環友科技股份有限公司",10zxt2m8
"豪勉科技股份有限公司",5m5be08
"美微科半導體股份有限公司",13k66leo
"上善厚生股份有限公司",1a2x6bjer2
"樂金股份有限公司",b5o3z8o
"仟力股份有限公司",1a2x6bkm8t
"志禾工業股份有限公司",atbjkag
"玄米設計股份有限公司",1a2x6bi08l
"蜜望實企業股份有限公司",apir9lk
"達鈴國際有限公司",1a2x6bi6z5
"寶階整合科技股份有限公司",12nl4fww
"鎣立商行",1a2x6bm2u7
"世代流通資訊股份有限公司",wemlwrc
"褔軒科技股份有限公司",1a2x6bidhv
"小偉日系腕時計本舖_昇亞產業有限公司",ddfl774
"電寶股份有限公司",alp1n28
"巴登線上娛樂股份有限公司",1a2x6bm0vq
"禪才科技股份有限公司",d4tch4g
"勤盛工業股份有限公司",aqiej4o
"鴻酉精密企業有限公司",ct5gxeg
"新泰工業股份有限公司",gajfbtk
"倫輝實業股份有限公司",ayiqafc
"祩蝚鴔猼悒鬫陪迨膝q",b6gyy0o
"晴鴻資訊",8f9xkfk
"固緯電子實業股份有限公司",26b3kgw
"元隆電子股份有限公司",a5h9zsg
"星達科技股份有限公司",10us42w8
"兆揚資訊有限公司",10ucczrs
"慧演智能股份有限公司",1a2x6blfa5
"能元科技股份有限公司",7jwtqo8
"祥宇科技有限公司",61ollso
"松琲悒鬫陪迨膝q",1a2x6bi4pj
"恆勁科技股份有限公司",1a2x6bippr
"美商創源工業電腦股份有限公司台灣分公司",1a2x6bj001
"松琲悒鬫陪迨膝q",1a2x6bi4pj
"能元科技股份有限公司",7jwtqo8
"祥宇科技有限公司",61ollso
"元隆電子股份有限公司",a5h9zsg
"釩達科技股份有限公司",1a2x6bjrn5
"美商創源工業電腦股份有限公司台灣分公司",1a2x6bj001
"旭騰資訊有限公司",1a2x6bj3qp
"恆勁科技股份有限公司",1a2x6bippr
"鍾榮企業有限公司",1a2x6bj6z2
"京魁系統股份有限公司",1a2x6bjbgs
"哈電科技有限公司",1a2x6bjyni
"友崴應用材料股份有限公司",1a2x6bk71d
"創璟應用整合有限公司",1a2x6bk7rx
"叡寧資本股份有限公司",1a2x6blu6g
"謳帕斯半導體設備有限公司",1a2x6bl9qz
"德宜智能股份有限公司",1a2x6blgp5
"樂多科技股份有限公司",1a2x6bljs4
"新加坡商高山航運股份有限公司台灣分公司",1a2x6bm0s2
"詠豐順有限公司",1a2x6bm6mx
"唯覓文化傳媒有限公司",1a2x6bm6kw
"英屬開曼群島商聯德控股股份有限公司",1a2x6bm6nm
"紘鈦物聯股份有限公司",1a2x6bm6na
"台灣大哥大林口文化三特約中心_元鈦電訊有限公司",1a2x6bm6nd
"點居室股份有限公司",1a2x6big90
"日商明日網科技股份有限公司台灣分公司",1a2x6bknmc
"墨攻網路科技股份有限公司",b8p7jzk
"德霖科技有限公司",1a2x6bitdb
"天音實業有限公司",a69os08
"時代革新台灣股份有限公司",1a2x6blfe5
"美商定誼科技股份有限公司台灣分公司",winohvk
"慶舟企業股份有限公司",6gdsrm8
"奧暢雲服務股份有限公司",1a2x6bl7df
"數位峰科技股份有限公司",5si8g8w
"凱茂科技有限公司",wddk8cw
"華矽創新股份有限公司",1a2x6bl1ia
"愛發股份有限公司",e5o5yzs
"網飛訊科技股份有限公司",60ikxs0
"允勝風格事業有限公司",1a2x6blise
"立紘數位科技股份有限公司",d5uhjds
"台灣東芝電子零組件股份有限公司",5mb78js
"協裕國際科技股份有限公司",7reb9aw
"雲上互動科技有限公司",1a2x6bl105
"查斯特科技股份有限公司",1a2x6bivgl
"致富寶股份有限公司",1a2x6bjavk
"梅華精密工業股份有限公司",q8vh5vc
"玩點互動股份有限公司",1a2x6bia90
"瞬茂機械股份有限公司",we7j0s0
"新亞洲儀器股份有限公司",158xq0c0
"睿橋資訊股份有限公司",1a2x6bj3r6
"松川精密股份有限公司",fl13eew
"陞達實業股份有限公司",fu6nkr4
"飛速移動股份有限公司",1a2x6bjvwt
"和正豐光電股份有限公司",b6xu2i0
"好險網科技股份有限公司",1a2x6bk9s5
"晶元科技有限公司",15avpwds
"厚達電子股份有限公司",1a2x6bi0bb
"互聯通股份有限公司",wdjp5ag
"安研科技股份有限公司",10uiyywg
"巧勤股份有限公司",10qj4xy8
"龍大精密股份有限公司",1a2x6bkhnp
"癮房市整合行銷有限公司",1a2x6bl84h
"資正電子企業股份有限公司",5q92d14
"奧爾資訊多媒體股份有限公司",5v5vto0
"痟Q企業有限公司",ady9mrk
"臺北歆科科技有限公司",az1173s
"元發買賣有限公司",b810h6w
"唐虞企業股份有限公司",12wge4ag
"台灣迪恩士先端科技股份有限公司",crs3x6g
"明坤科技股份有限公司",d4j4fw8
"鉅奇數位科技股份有限公司",d4vl4o8
"世宏機械股份有限公司",glt9qcw
"大銀微系統股份有限公司_HIWIN MIKROSYSTEM",18r1oqbc
"金正禾數位有限公司",1a2x6bl4su
"祺峰科技股份有限公司",wg67xag
"廣穎電通股份有限公司",10tqbw2o
"Besi Singapore Pte. Ltd._新加坡商貝思半導體設備有限公司台灣分公司",10wpcmdk
"倉和股份有限公司",12yr6bbs
"亞太教育訓練網_智谷網絡股份有限公司",18m6ar2o
"元谷國際有限公司",1a2x6bitp3
"鳴周科技股份有限公司",1a2x6bizew
"邦拓鏈股份有限公司",1a2x6bkuuw
"紅石資訊有限公司",1a2x6bl8xj
"嘉興資訊顧問有限公司",1a2x6bl7tf
"久勁科技有限公司",1a2x6ble51
"銀月數位顧問股份有限公司",1a2x6bldvx
"奇心網路有限公司",1a2x6blx2e
"日博設計有限公司",1a2x6blvag
"陞泰電信有限公司",1a2x6blw8l
"八方通企業社",1a2x6blws9
"傑克商業自動化股份有限公司",1118c5uw
"廣泓欣電子股份有限公司",1a2x6bk1u9
"雅信科技股份有限公司",1a2x6bm6km
"核桃運算股份有限公司",1a2x6biwtm
"宗泰科技工程股份有限公司",1a2x6blbst
"集太科技有限公司",b64m6g0
"巨機實業股份有限公司",1a2x6bkms4
"鴻才科技股份有限公司",b9bmf20
"女媧資訊股份有限公司",1a2x6bkoyn
"鴻靜實業股份有限公司",1a2x6bkgas
"吉邵股份有限公司",1a2x6bkq2m
"薩摩亞商新傳鍶科技股份有限公司台灣分公司",1a2x6bjkoy
"展市華科技有限公司",1a2x6blbgu
"美商綠銅科技有限公司臺灣分公司",1a2x6bkgmi
"台灣思勵創意有限公司",1a2x6blyp6
"億創行銷工作室",1a2x6bldea
"豪祐科技股份有限公司",1a2x6blkm3
"德寶光學儀器股份有限公司",18p3ch1s
"智源電子股份有限公司",oiaei2o
"嘉榮科技股份有限公司",ckuuckg
"融程電訊股份有限公司",18j1qrxk
"方殷創意行銷有限公司",oe6zc7c
"美國融文國際營銷有限公司",1a2x6blz6t
"昭通科技股份有限公司",13y24pi8
"富鈞科技股份有限公司",d0eia6o
"沛科精密股份有限公司",cptygig
"鑫亞電通股份有限公司",7hihco0
"宇辰科技股份有限公司",1a2x6blsg0
"鼎弦工程有限公司",1a2x6blhwu
"展定電子有限公司",1a2x6bm1w8
"灝瀚數碼電子有限公司",1a2x6bidsy
"布魯克斯自動化股份有限公司",18n3g2y8
"元生工業股份有限公司",1a2x6bk5l1
"跨鏈科技股份有限公司",1a2x6blo5y
"凱碩科技股份有限公司",7n23suw
"鼎爍傳媒有限公司",1a2x6bm6l7
"揚明光學股份有限公司_YoungOptics Inc.",5votqa0
"元泰發實業有限公司",7eqb4lc
"竣豪電子股份有限公司",7ls9m80
"智原科技股份有限公司",12no6e8w
"聯經數位股份有限公司",112fvi8o
"惠國科技股份有限公司",159njq8o
"和淞科技股份有限公司",18ltjd9k
"台灣微告股份有限公司",1a2x6bil3l
"湛天創新科技股份有限公司",b8zvd48
"遵宇科技股份有限公司",cv72j7c
"暘硌穈T股份有限公司",d5t1ti0
"學創教育科技股份有限公司",1a2x6bjn1r
"大量科技股份有限公司",k6nu78g
"銓安智慧科技股份有限公司",1a2x6bjrxv
"為昇科科技股份有限公司",1a2x6bjuxf
"高宇能源科技股份有限公司",1a2x6bk5hx
"忠朋智能股份有限公司",1a2x6bka62
"銳盾貿易有限公司",1a2x6bkwpn
"波思貝有限公司",1a2x6bm6lv
"人人果實有限公司",1a2x6bm6c2
"匯智數位科技顧問有限公司",1a2x6bm6hz
"聯新電腦資訊有限公司",1a2x6bm6g2
"鼎城通訊商行",1a2x6bm6ix
"漫話科技股份有限公司",1a2x6bm6jj
"酷特科技股份有限公司",1a2x6blw2a
"昇陽國際半導體股份有限公司",12noo21s
"穩健科技股份有限公司",1a2x6bm6i0
"TC&C  ELECTRONIC  CO  LTD_燁元電子有限公司",158mz4v4
"琳得科先進科技股份有限公司",wceq2o0
"勝和科技有限公司",1a2x6bimds
"搶眼戶外廣告刊版輸出_搶眼影像科技股份有限公司",wg7dw3c
"奇博科技股份有限公司",1a2x6bj8vr
"新加坡商必創科技股份有限公司",1a2x6bkwkx
"台灣宇創精密科技股份有限公司",1a2x6bj94h
"菁英數位科技股份有限公司",609lfy0
"斯力歐科技有限公司",1a2x6bkt4f
"尼得科超眾科技股份有限公司",fmdzd7k
"威雲科技股份有限公司",1a2x6bkzdf
"奇點網路行銷",1a2x6bkz6j
"鼎順數位科技有限公司",1a2x6bkq9l
"台灣淘米科技股份有限公司",b8wc3bs
"台灣貝利科技股份有限公司",cvwpbvs
"昊聲訊息技術有限公司",1a2x6bkalx
"優必闊科技股份有限公司",1a2x6bjncd
"思騰資訊有限公司",1a2x6bl23b
"艾海國際有限公司",1a2x6blahc
"日電貿股份有限公司",12n50mgg
"富鼎先進電子股份有限公司",7lpzpx4
"倢鋒科技股份有限公司",cwcmkgg
"數位無限軟體股份有限公司",10tg11rk
"禾瑞亞科技股份有限公司",10wq4f5c
"展大國際股份有限公司",156qlfq0
"威盛電子股份有限公司",13womfgw
"地標網通股份有限公司",1a2x6blojg
"學習王科技股份有限公司",1a2x6biida
"冠昊股份有限公司",1a2x6biyn7
"倢鋒科技股份有限公司",cwcmkgg
"購金車有限公司",1a2x6blbdz
"?安精密有限公司",1a2x6blpvs
"隆成電腦有限公司",10qd5tco
"致樂創意股份有限公司",1a2x6bl9n8
"嘉值科技股份有限公司",cl2g7d4
"昊昇精密有限公司",1a2x6biplb
"動聯國際股份有限公司",1a2x6bitqj
"喜洋洋數位科技股份有限公司",1a2x6birb1
"神奇科技股份有限公司",10q9lyq8
"京實科技有限公司",1a2x6bkzyo
"誠美材料科技股份有限公司",crlmg34
"鑫亨有限公司",1a2x6blmzs
"鼎京科技有限公司",1a2x6bix5a
"?帝數位資訊有限公司",1a2x6bjdf2
"右棋科技有限公司",1a2x6blmew
"光原科技股份有限公司",cw8rj20
"隨身遊戲股份有限公司",wfmrkbs
"達瓦科技有限公司",1a2x6bkz2z
"緯利股份有限公司",5zztgnc
"台灣禮光股份有限公司",5h03l40
"芽果科技系統工程有限公司",1a2x6biz6d
"同樂電子股份有限公司",9knu6n4
"兆勗企業股份有限公司",12svxszc
"聖捷科技股份有限公司",1582qm0g
"冠釩科技股份有限公司",1a2x6bllr7
"新加坡商網達先進科技有限公司台灣分公司",wi54l4g
"LG_臺灣樂金化學股份有限公司",ck0kzqw
"鐵雲科技股份有限公司",1a2x6bj606
"台灣領意系統有限公司",1a2x6bkha4
"美台華德科技股份有限公司",7eyemf4
"上霖科技有限公司",12zayw3s
"勝朋有限公司",1a2x6bi9f3
"大興電線電纜股份有限公司",8iuxnxk
"松上電子股份有限公司",ajg9yd4
"慧邦科技股份有限公司",cr7ury8
"萬億股份有限公司",aqizxyo
"達裕科技股份有限公司",d40mftc
"揚博科技股份有限公司",e7iuqgo
"吉恩立數位科技股份有限公司",10yutkds
"衛武資訊股份有限公司",1a2x6bksdm
"台灣松田產業股份有限公司",1a2x6bl39r
"成貞企業有限公司",1a2x6bm6ek
"實礦科技有限公司",1a2x6bm6hp
"美商線上電腦圖書館中心股份有限公司台北辦事處",1a2x6bm6gs
"耘德智能製造有限公司",1a2x6blmzg
"PHOENIX TECHNOLOGIES INC_美商費尼克斯有限公司台灣分公司",1a2x6blnkf
"正程工程行",1a2x6blqhx
"耀星流行有限公司",1a2x6blosv
"京政電子有限公司",1a2x6biypo
"創典科技有限公司",1a2x6blwll
"愷碩數位有限公司",1a2x6bk6j7
"北宸科技股份有限公司",110q5a8o
"香港商磐旭智能國際股份有限公司台灣分公司",1a2x6bk3m2
"禾米數位股份有限公司",1a2x6bj354
"Rytass Corp._八拍子股份有限公司",1a2x6bkax4
"電獺股份有限公司",1a2x6bjxn4
"力億企業股份有限公司",9gqmnp4
"森思股份有限公司",1a2x6bjb8q
"浩興電子有限公司",1a2x6bhzjf
"美商矽磊科技股份有限公司台灣分公司",1a2x6bl5jk
"勤學科技股份有限公司",1a2x6bip2d
"盛基科技股份有限公司",1a2x6bkdmf
"網際智慧股份有限公司",153kerxc
"英赫科台灣股份有限公司",1a2x6bm3af
"立捷速能股份有限公司",110ri69s
"妙德技研股份有限公司",1a2x6bighd
"立肯科技股份有限公司",12n8v6vs
"品一品有限公司",1a2x6bjo7f
"兆翔光電股份有限公司",de3c47c
"祥誠科技股份有限公司",1a2x6bj04a
"康舒科技股份有限公司",5o3jjw8
"北聯電器股份有限公司",9kdpu4o
"台灣嘉碩科技股份有限公司",7gzr17c
"亦勵光電科技有限公司",7sh231c
"大讚資訊系統有限公司",7gp1sdk
"江軍事業群_江軍企業股份有限公司",asypz08
"一起資訊有限公司",b8q0nts
"奇寶網路有限公司",cxa4kco
"森崴能源股份有限公司",d5vpyx4
"信尚科技有限公司",cufsfhs
"騏璣資訊科技股份有限公司",d80iiu8
"憶聲電子股份有限公司",knh46a0
"益創智慧股份有限公司",1a2x6bkao2
"格瑞康實業有限公司",10suh9iw
"錡譽股份有限公司",1a2x6bi5m9
"群悅科技股份有限公司",1a2x6bjgth
"優品工業有限公司",1a2x6bjf6h
"采洲科技有限公司",1a2x6bkjok
"旌泓股份有限公司",1a2x6bl0e5
"睿熙國際有限公司",1a2x6bl3yw
"鎵恩科技有限公司",1a2x6bm6fs
"麗智雲端股份有限公司",1a2x6bm697
"希緹娛樂股份有限公司",1a2x6bloyd
"智遊旅程股份有限公司",1a2x6blts4
"啄木鳥科技有限公司",1a2x6bm13s
"智勝資訊顧問有限公司",112iwu74
"寶盛數位科技股份有限公司",12niw8kg
"真美晶能源股份有限公司",d6xrtqg
"超豐電子股份有限公司",2cs3tbk
"昕暘科技有限公司",12p2i8bs
"大陸商展訊通信(上海)有限公司台灣辦事處",1a2x6bi7cw
"美商勞倫斯科技股份有限公司台灣分公司",1a2x6bk56w
"芯際有限公司",1a2x6blwhl
"兔子創意股份有限公司",1a2x6bkypd
"乙宏興業股份有限公司",z235hk8
"美商泰瑞達有限公司台灣分公司",5nnkk1s
"葳騰科技股份有限公司",ohr8zjk
"亞德資訊有限公司",1a2x6bkhl3
"奇異科技資訊有限公司",1a2x6bm02k
"昕鈺實業股份有限公司",alxvgf4
"聯勝國際科技股份有限公司",b7hzbao
"擎雲數位科技有限公司",1a2x6bjp9a
"商諾資訊顧問股份有限公司",7smyro8
"艾美特電器(深圳)有限公司",3idxtg8
"萬泰科技股份有限公司",25avbjc
"VEECO_台灣威科儀器股份有限公司",5uf0id4
"大數據股份有限公司",1a2x6bjjhc
"國際半導體產業協會_美商國際半導體產業有限公司台灣分公司",18jqq0m8
"VEECO_台灣威科儀器股份有限公司",5uf0id4
"商諾資訊顧問股份有限公司",7smyro8
"悠活水產股份有限公司",1a2x6biz4v
"翰樺電信有限公司",1a2x6bjfe3
"上人科技有限公司",1a2x6bkya6
"納克斯空間資訊股份有限公司",1a2x6blpsu
"美克爾科技股份有限公司",1a2x6blcm3
"畢竟科技股份有限公司",1a2x6blfmy
"米斯有限公司",1a2x6blc29
"車主充電站股份有限公司",1a2x6bljbj
"天理科技有限公司",1a2x6bm6dp
"建祿科技股份有限公司",1a2x6bm6cg
"鵬昌工程有限公司",1a2x6bm6cv
"穎嘉投資管理顧問有限公司",1a2x6bm6g1
"上溢軟體設計有限公司",1a2x6bld6m
"環球認證有限公司",cnwwbqo
"民豐事業股份有限公司",da6hblc
"台灣大哥大華夏二特約門市_奇展通訊行",1a2x6bksiw
"易芯科技股份有限公司",odn0zv4
"金鍏電子股份有限公司",1567tt6w
"元睿資訊有限公司",10xvn28w
"佳楠精密電子股份有限公司",vz8796o
"詠屹科技股份有限公司",61kltvc
"以勤科技股份有限公司",61upgx4
"上洛國際股份有限公司",1a2x6blo41
"金德興模具股份有限公司",12v1g9rs
"明谷通信企業股份有限公司",1654kqk8
"貝塔數位有限公司",1a2x6bjr27
"台灣艾特維股份有限公司",1a2x6bivxw
"新馳科技股份有限公司",1a2x6bkjds
"滿食空股份有限公司",1a2x6bkzrj
"傑興資訊有限公司",b4uro8g
"矽拓科技股份有限公司",158vgzo0
"DIGIEVER_永睄あ麭q訊科技股份有限公司",1a2x6bj59v
"辛佳企業有限公司",al2qqqo
"營滿有限公司",1a2x6blcno
"艾睿電子股份有限公司",6gfhlfk
"科萊博瑞科技有限公司",1a2x6bjlcp
"陽碩科技股份有限公司",7o9ccco
"李洲科技股份有限公司",2342eog
"整技科技股份有限公司",we5rxy0
"得意節能科技股份有限公司",13p9gql4
"基能科技股份有限公司",b4v3wtk
"玩轉教育有限公司",1a2x6bl7us
"睇楓鴔犌陪迨膝q",1a2x6blnnf
"美麗微半導體股份有限公司",18l54w9k
"建豪光電股份有限公司",bkaafhc
"美商奧帝思科技股份有限公司台灣分公司",1a2x6bm4hu
"眾至資訊股份有限公司",7soj14w
"創力美股份有限公司",1a2x6bljr8
"瑞士商夏弗納電磁相容有限公司台灣分公司",ciebzgo
"保銳科技股份有限公司",awdkxuw
"志弘資訊股份有限公司",cwwh9mg
"微創國際電子有限公司",d8wosdc
"某企業股份有限公司",jnelu8
"冠陵科技有限公司",okkhta0
"錯誤美學有限公司",1a2x6bm6af
"捷凱電子股份有限公司",wdtkn4o
"安卓資訊股份有限公司",ommxek0
"巧豐資訊股份有限公司",13s7f2y0
"晶晟精密科技股份有限公司",1a2x6biw8n
"志弘資訊股份有限公司",cwwh9mg
"瑞士商夏弗納電磁相容有限公司台灣分公司",ciebzgo
"微創國際電子有限公司",d8wosdc
"全民槍戰_迪諾遊戲有限公司",1a2x6bj89c
"冠陵科技有限公司",okkhta0
"錯誤美學有限公司",1a2x6bm6af
"安卓資訊股份有限公司",ommxek0
"韓商_億看有限公司",1a2x6bjtpu
"北翔有限公司",1a2x6bk6na
"觀茵多媒體企業社",1a2x6bm680
"旭佳科技有限公司",1a2x6bm69k
"綠盈股份有限公司",1a2x6bm6c3
"信曜科技股份有限公司",1a2x6bla5b
"立敏電子股份有限公司",1a2x6blh9k
"自遊智載股份有限公司",1a2x6blvdx
"盛景電子股份有限公司",1a2x6bm68w
"賽發科技有限公司",10vgeb48
"豐揚科技股份有限公司",cjuty1k
"永久傳電信有限公司",1a2x6bkk72
"台灣競遊智慧網路股份有限公司",1a2x6bldk6
"瀚碩科技股份有限公司",d6bir00
"奔馳控股股份有限公司",1a2x6bkg5d
"振軟資安科技股份有限公司",cjbep7c
"微覺視股份有限公司",1a2x6bl6vu
"市訊資訊有限公司",1a2x6bi322
"仁通資訊股份有限公司",azetuqg
"錸寶科技股份有限公司(錸德集團)",wiclbi8
"?倫科技有限公司",1a2x6bjdtn
"麗思頓有限公司",112w6rg0
"訊通實業股份有限公司",5p43aeo
"高創科技股份有限公司",5tlabcw
"捷寶實業有限公司",adwigug
"系微股份有限公司",7mzp948
"金烜科技有限公司",7frmpf4
"皓展資訊股份有限公司",b8e4baw
"茂森科技股份有限公司",awmjja8
"極智光電股份有限公司",b7kxysw
"今凱科技股份有限公司",clrz55k
"研宇科技工程有限公司",d848m00
"火星貓科技股份有限公司",1a2x6bk08i
"岳豐科技股份有限公司",l3antg8
"函數科技股份有限公司",wfw40zc
"inline_樂排股份有限公司",1a2x6bkann
"錄安科技有限公司",1a2x6bk9bo
"維亞娛樂股份有限公司",1a2x6bkhl0
"輔晟科技有限公司",13mwx7gg
"東光電腦股份有限公司",1a2x6bi9wz
"CIMFORCE_上博科技股份有限公司",1a2x6bihay
"品游科技有限公司",1a2x6bjst0
"雄厚科技有限公司",1a2x6bkn5n
"揚曦資訊股份有限公司",1a2x6bkjj1
"翰揚生理感測股份有限公司",1a2x6bl7kk
"台成商事股份有限公司",1a2x6bl83d
"九泰光電照明科技有限公司",1a2x6bl6re
"鼎祐網路科技有限公司",1a2x6blkp2
"安存數據有限公司",1a2x6ble1h
"飛立德科技股份有限公司",1a2x6blw4t
"友景科技股份有限公司",1a2x6bm66w
"正盛國際實業股份有限公司",10tgl2g0
"榮塑精機有限公司",1a2x6bm693
"友景科技股份有限公司",1a2x6bm66w
"虹鈞系統自動化股份有限公司",1a2x6bm67w
"環亞數字有限公司",1a2x6bm68a
"成懋科技有限公司",7smghhs
"正盛國際實業股份有限公司",10tgl2g0
"輝創電子股份有限公司",9mfvobu
"竣泰有限公司",1a2x6bl26q
"會通資訊股份有限公司",7i9kns0
"聚達系統股份有限公司",1a2x6bjgky
"蒼祐科技股份有限公司",csyyei0
"九彥科技股份有限公司",d0fcw1c
"正通科技股份有限公司",1a2x6blh8o
"光優電子有限公司",7scjntc
"悅宇科技有限公司",ddx43e0
"璞石科技股份有限公司",13kpbic0
"馬來西亞商極限電腦科技有限公司台灣分公司",1a2x6blo5u
"今慶科技股份有限公司",10tkshu0
"正頎電子股份有限公司",b9eab7s
"野田科技股份有限公司",1a2x6bkyhn
"豪芯科技股份有限公司",1a2x6bknsd
"天方能源科技股份有限公司",13n80qy0
"兆微科技有限公司",csyj6ns
"玩美集品網路科技股份有限公司",10vxwd7s
"百邇來設計行銷有限公司",b5ng0l4
"維特實業股份有限公司",1a2x6bl1b1
"美賣科技股份有限公司",1a2x6bjls7
"騰傑企業有限公司",12yeeqko
"協勤資訊有限公司",akz3zy8
"台灣思百吉股份有限公司",azr8jr4
"漢朝實業有限公司",150x442g
"良匠科技有限公司",1a2x6bkygc
"佳貝數位營銷有限公司",1a2x6bkvt2
"利?科技股份有限公司",5yics2g
"冠瑋科技實業股份有限公司",1a2x6bkxsz
"米拉多科技有限公司",1a2x6bj3v3
"尚鋒企業股份有限公司",5k5gzo0
"允浩有限公司",13xyxoaw
"虹嘉科技股份有限公司",157881eg
"恩麒資訊有限公司",1117msa0
"晟譁科技股份有限公司",1a2x6bm5ci
"捷普集團_綠點高新科技股份有限公司",5vp8u9c
"宇萌數位科技股份有限公司",de3ybl4
"鑫笙企業有限公司",7gnbadk
"遠傳電信經銷商_時代廣場有限公司",b5kn3vc
"廣盈科技股份有限公司",clsvdnc
"旭朗科技有限公司",1a2x6bjim5
"大智電子科技有限公司",cnrd9ug
"瑞紅科技股份有限公司",d8b9syw
"捷誠國際貿易企業社",1a2x6bldlm
"雲簽科技股份有限公司",oljbo60
"馬基數位印刷有限公司",wfi2nb4
"瑋鋒科技股份有限公司",1579anu0
"禾旺能源有限公司",1a2x6bi9om
"薩摩亞商超強科技有限公司台灣分公司",1a2x6bjtyo
"捷能電子股份有限公司",1a2x6bkkhz
"康沛科技股份有限公司",1a2x6bl35g
"倞安科技股份有限公司",1a2x6bld9c
"現觀科技股份有限公司",1a2x6blnmq
"中喜有限公司",1a2x6bls1h
"博聿股份有限公司",1a2x6bm663
"倞安科技股份有限公司",1a2x6bld9c
"現觀科技股份有限公司",1a2x6blnmq
"中喜有限公司",1a2x6bls1h
"鑫實洋工業有限公司",cwllkjk
"英丰寶資訊股份有限公司",155q2nxk
"昭松科技股份有限公司",13vv8nzs
"太禾科技有限公司",1a2x6bls9x
"群加國際股份有限公司",1a2x6bjfvr
"萊特數位科技有限公司",1a2x6bl5ov
"凱恩傑科技股份有限公司",7oq6kfc
"那一間科技有限公司",1a2x6blwa6
"亞捷數位科技股份有限公司",10zoqusg
"揚帆科技有限公司",1a2x6blr6b
"宏晟科技股份有限公司",wgzugco
"昱樺科技股份有限公司",d91q128
"有線科技有限公司",1a2x6bjahl
"家興防盜科技有限公司",1a2x6bkg9u
"美商亞敦電子有限公司台灣分公司",1a2x6biahb
"Googol  Company_鴻海綜合能源股份有限公司",bk9shnc
"汎銓科技股份有限公司",csn7ka0
"英屬蓋曼群島商科嘉國際股份有限公司台灣分公司",dbesq08
"芮丞通信有限公司",d7nlf0g
"奧理科技股份有限公司",1a2x6bjxcm
"聯發科技股份有限公司",12noppgo
"艾思網絡股份有限公司",10tp2avc
"錸鑫新能源科技股份有限公司",1a2x6blwhr
"藝騰文創事業有限公司",1a2x6blwgr
"金富澤實業股份有限公司",1a2x6bm5og
"寬德股份有限公司",1a2x6bln9x
"威技資訊股份有限公司",12td6734
"英屬開曼群島商天暉精密股份有限公司台灣分公司",1a2x6bkzau
"炫采有限公司",1a2x6blsg9
"元細胞遊戲有限公司",1a2x6bj27b
"捷東股份有限公司",18j17ajk
"鑫盛通信企業社",4kl50pk
"騰錂鐳射股份有限公司",1a2x6bknbu
"科智企業股份有限公司",1a2x6bj1aq
"益芯科技股份有限公司",5xwcljs
"中國巴斯特股份有限公司",1a2x6bjzs6
"訊動科技股份有限公司",ckj2v74
"創利空間股份有限公司",1a2x6bkspp
"恩奕互動娛樂有限公司",1a2x6bkvj2
"亦聲電子有限公司",1a2x6bi0u0
"捷拓科技股份有限公司",ay39nug
"富元精密科技股份有限公司",cvdl5yo
"緯德科技股份有限公司 (TechLink Corporation)",cnz7pa8
"環鴻科技股份有限公司",dbgbm34
"沅皜光電科技股份有限公司",ohjvkrc
"弘岳科技股份有限公司",13qrsbtk
"世平興業股份有限公司",2c7idyo
"大日科技股份有限公司",18ny5q6w
"宏燁資訊股份有限公司",7f39r7c
"宇砷科技有限公司",5uwu21k
"華鎂鑫科技股份有限公司",7fz53zk
"英屬開曼群島商世邁科技股份有限公司台灣分公司",1a2x6bi79j
"集邦聯合製造股份有限公司",1a2x6bixeu
"英達系統開發有限公司",1a2x6bjtp2
"君原股份有限公司",1a2x6bln3f
"德瑞電氣工程有限公司",1a2x6bjf1y
"支點雲端科技股份有限公司",1a2x6bj4nf
"WoWi Approval Services, Inc_康來士科技顧問股份有限公司",b6hwoiw
"鐵支路有限公司",1a2x6bkqx9
"碩昱科技股份有限公司",1125jriw
"歐銥光電股份有限公司",wf0ws94
"美商旭升半導體股份有限公司",1a2x6bm0q6
"亞仕達科技股份有限公司",d7tvh4o
"鴻柏科技股份有限公司",12xntfm0
"菲爾資訊科技有限公司",1a2x6bizpz
"富驊企業股份有限公司",gnule4w
"塞席爾商首采科技股份有限公司台灣分公司",1a2x6bi7xg
"志皇國際股份有限公司",13q90tx4
"品嘉企業社",1a2x6blyc7
"微樂客有限公司",1a2x6blxpu
"乘翔科技股份有限公司",1a2x6bkmgv
"高晨資訊有限公司",1a2x6bkpyc
"德勝光電股份有限公司",1a2x6birdr
"慶奇科技股份有限公司",1a2x6bjq65
"台灣豐寶科技股份有限公司",112av9tc
"昱詮資訊科技有限公司",1a2x6bi7ok
"中信安科技有限公司",1a2x6bktgf
"誼特科技股份有限公司",d9231fc
"斐亞米有限公司",1a2x6blnvj
"安創科技股份有限公司",cqrrbm0
"大連電子工業股份有限公司",28rpn28
"厚田科技有限公司",dashi40
"大台南網路購物服務人員職業工會",1a2x6bjngw
"光陽科技股份有限公司",5sy5jf4
"強茂股份有限公司",a68kjpc
"Vinpower Digital INC_偉得科技有限公司",5zziko8
"欣昀企業有限公司",7rbm3m8
"傳揚國際有限公司",b7nglx4
"聯合再生能源股份有限公司",cr5tkx4
"砌禾數位動畫股份有限公司",dct61bs
"美律實業股份有限公司",o272zgo
"美商倍佳國際股份有限公司台灣分公司",ocjxbxs
"昀佳股份有限公司",10t3k2yg
"上通電子股份有限公司",12w98pbc
"立象科技股份有限公司",18lxthvk
"中興保全科技股份有限公司",1a2x6bi0fy
"元景資訊股份有限公司",1a2x6bi8ut
"翼詠科技股份有限公司",1a2x6biu5g
"美商普威能源股份有限公司",1a2x6bj9bk
"香港商榮惠電子有限公司台灣分公司",1a2x6bjk9u
"資誠創新諮詢有限公司",1a2x6bkwrx
"哇哇科技股份有限公司",1a2x6bl33v
"五佶有限公司",1a2x6blfc1
"順成電子股份有限公司",1a2x6bkqxk
"手機通訊廣場_尚品通訊行",1a2x6bm61p
"云海岸科技有限公司",1a2x6bm613
"日商麥貝斯股份有限公司台灣分公司",1a2x6bm5zz
"曠世國際有限公司",1a2x6bjl2i
"好馬科技開發有限公司",159ma0eo
"米格點子有限公司",1a2x6blvle
"鴻普光電股份有限公司",1a2x6bij4h
"昇詮科技股份有限公司",7i7ca9c
"美商路銤德股份有限公司台灣分公司",1a2x6bkyyy
"首銤有限公司",1a2x6bkdkq
"數位果子科技有限公司",1a2x6bjmpf
"宏泩科技股份有限公司",156m3i8w
"香港商安費諾(東亞)有限公司新竹分公司",1a2x6blb0t
"瑞特聯戶有限公司",1a2x6bkc4c
"奇正科技股份有限公司",5sip7n4
"COMMEET_擁樂數據服務股份有限公司",1a2x6blgg6
"群雅電子股份有限公司",7qstmzs
"歐斯瑞有限公司",1a2x6bixvx
"華亞磁能科技有限公司",d2oukow
"臨界數位股份有限公司",1a2x6blgop
"秦鉅科技有限公司",1a2x6blfue
"華薪資訊有限公司",5y0s6x4
"巨鑫科技服務有限公司",1a2x6bib8v
"寶鎮光電科技股份有限公司",wfukzi0
"禾順數位科技工程行",1a2x6bljb9
"詮越科技股份有限公司",1a2x6bjrkl
"鹽光股份有限公司",13u5oj4o
"慶陞工業股份有限公司",a60zp68
"麗陽能源科技有限公司",1a2x6bl9p3
"連福企業社",4hg3guo
"順志精密股份有限公司",af1r7go
"昱佑電腦股份有限公司",apu5tow
"亞郁科技股份有限公司",cj8kiyo
"巧連科技股份有限公司",d7v7qs8
"瑞竣科技股份有限公司",dee0uig
"香港商創銳軟件科技有限公司",ocp081k
"神達電腦股份有限公司",lpittnk
"勇領科技股份有限公司",widaobc
"台灣數位學習科技股份有限公司",10w51tqg
"香港商眾點數位行銷有限公司台灣分公司",1a2x6bjbep
"樂居科技股份有限公司",1a2x6bjiwn
"誠享國際有限公司",1a2x6bjeml
"勇領科技股份有限公司",widaobc
"台灣數位學習科技股份有限公司",10w51tqg
"晶耀光電股份有限公司",1a2x6bm2nb
"大陸商昆山建皇光電科技有限公司",1a2x6bm60b
"聚贏有限公司",1a2x6bldnf
"亞洲新聯網股份有限公司",1a2x6blqfe
"藝凡數位科技有限公司",b8eiz2w
"橙森國際有限公司",dynf6o
"格萊得科技有限公司",d85tfiw
"直流電通股份有限公司",1a2x6bk54w
"杭橙光學股份有限公司",dcm8mxk
"拓甫科技股份有限公司",azjw4go
"吉爾集思數位行銷有限公司",10zgbfy8
"綠色運算股份有限公司",cnqy18g
"愛迪斯科技股份有限公司",13u7oebk
"天遊數位科技有限公司",1a2x6bm058
"艾衣酷有限公司",1a2x6bjwwj
"台盈資訊科技有限公司",1a2x6bkaqj
"精益科技股份有限公司",a6fk8ns
"新達科技股份有限公司",1a2x6bimon
"浩克娛樂股份有限公司",1a2x6bli1b
"東盈光電科技股份有限公司",18lvl2tc
"DireSoft_德元軟體科技有限公司",1a2x6bl7tz
"寶儷明股份有限公司",1510iazk
"漢志電子股份有限公司",ao0gnuw
"信承科技有限公司",1a2x6bie63
"晟格科技股份有限公司",1a2x6bkdhf
"捷競整合行銷股份有限公司",1a2x6bm601
"億達影音多媒體科技有限公司",60kezv4
"彰藝科技有限公司",151g42r4
"南翔科技有限公司",18pdk3m8
"麥可企業有限公司",18ihg3x4
"聖洋科技股份有限公司",cwxi5k0
"點點印_黑米數位股份有限公司",cyiomhs
"台灣上村股份有限公司",achjecg
"104人力銀行_一零四資訊科技股份有限公司",12v3o7uw
"佳燁科技股份有限公司",cjimbnk
"日翔軟板科技股份有限公司",ck0wbxc
"韓商咖菲二十四貿易有限公司台灣分公司",1a2x6bjbx4
"三亞科技股份有限公司",og0v8bk
"大根光學工業股份有限公司",1a2x6blw0s
"Ri Connect, Inc._振鈺數位服務股份有限公司",1a2x6bkx3o
"容合科技電子有限公司",1a2x6bm5vr
"錫樽電子股份有限公司",1a2x6bm5xm
"山中猴子創意行銷有限公司",1a2x6bm5ud
"首橙科技有限公司(籌備處)",1a2x6bm5z4
"都宜科技有限公司",1a2x6bm5v1
"全位國際股份有限公司",1a2x6bm5w1
"洞見未來科技股份有限公司",1a2x6bl7u5
"大熊科技有限公司",1a2x6blmt5
"雷亞遊戲股份有限公司",1a2x6bj6qc
"幣護股份有限公司",1a2x6bktkg
"原人股份有限公司",1a2x6bjysu
"庫力索法股份有限公司",wcde0q8
"德信科技股份有限公司",wj0fauo
"貝達先進材料股份有限公司",cw7ry6w
"深智數位股份有限公司",1a2x6bl6p2
"馬可波羅科技股份有限公司",1a2x6bl0r7
"達輝國際股份有限公司",cyemgx4
"泰山電子股份有限公司",jv7ctaw
"先發電光股份有限公司",1a2x6bkai9
"祺申通訊行",1a2x6bimtx
"晟悅科技有限公司",1a2x6bks1p
"慧格科技股份有限公司",60tvtxc
"億昇能源科技股份有限公司",1a2x6bijh5
"香港商國顯科技有限公司台灣辦事處",1a2x6bisnb
"育鉦科技股份有限公司",7sz9a88
"谷奧科技股份有限公司",1a2x6bkll9
"智泉國際事業有限公司",1a2x6bkdf6
"昶羿機械有限公司",1a2x6blqbh
"品冠科技有限公司",az28yq0
"M31 Technology Corporation_?星科技股份有限公司",omt3qew
"鈦度科技有限公司",1a2x6bl6mw
"聿光科技有限公司",1a2x6bir29
"合美電機股份有限公司",151x6amw
"民智科技股份有限公司",15aplfnk
"漢晶股份有限公司",1a2x6bi5i7
"誼名電子有限公司",1a2x6bis3k
"唐威電子有限公司",abmlz0g
"南亞電路板股份有限公司(南電)",7e7mdgg
"冰角數位股份有限公司",1a2x6bm5vo
"辰鑫通訊_辰鑫行動通訊館",1a2x6bm5wo
"星雲電腦股份有限公司",aqc2780
"萬豪實体數位黃金股份有限公司",1a2x6bm5xf
"誠企企業股份有限公司",1a2x6bjlef
"Lalamove啦啦快送_小蜂鳥國際物流有限公司",1a2x6bk3li
"創泓科技股份有限公司",oeit780
"群瞻科技股份有限公司",12pgs2s8
"富全科技儀器有限公司",1a2x6bm5uc
"澳創科技股份有限公司",1a2x6bka9z
"尚亞電子科技(深圳)有限公司",1a2x6blr9s
"納比網路行銷工作室",1a2x6bm5uv
"氣機科技有限公司",1a2x6bm5kn
"哥德國際股份有限公司",1a2x6bm5su
"光寶科技股份有限公司",aqae7i0
"台灣科銳電子有限公司",1a2x6bjm03
"美商福達電子股份有限公司台灣分公司",cit09zc
"延宇資訊股份有限公司",1a2x6bilcp
"漢華天下教育發展有限公司",1a2x6bincl
"台灣大哥大特約服務門市_泛都電訊有限公司",7kd9740
"歐源電子有限公司",12p81mkg
"芯展電子股份有限公司",1a2x6ble55
"禧恩科技股份有限公司",1a2x6bkk2p
"神乎奇際股份有限公司",1a2x6bl1tw
"住通科技股份有限公司",1a2x6bkiqo
"開偉科技股份有限公司",ckhr6dk
"經登企業股份有限公司",aln3zcg
"物聯智慧股份有限公司",dccxe9c
"金箍棒智慧物業管理顧問股份有限公司",1a2x6bknd0
"志天實業股份有限公司",18n9v080
"聯萌科技股份有限公司",10wfbw9k
"智將資訊股份有限公司",b0qzkbc
"水米田視覺工作室",1a2x6blfr9
"日本HOYA集團_台灣豪雅光電股份有限公司",5vp1w9c
"智佳電子股份有限公司",okvag0o
"OB嚴選_橘熊科技股份有限公司",cv11cj4
"華世達有限公司",cqcksgg
"弘凱光電股份有限公司",ct1kn8w
"知識科技股份有限公司",ct35nps
"山進電子工業股份有限公司",fm9vr60
"OB嚴選_橘熊科技股份有限公司",cv11cj4
"弘凱光電股份有限公司",ct1kn8w
"知識科技股份有限公司",ct35nps
"山進電子工業股份有限公司",fm9vr60
"良欣科技有限公司",1a2x6bjw7l
"詮容科技股份有限公司",oky6dj4
"(OPTO-SENSOR)光電企業股份有限公司",o5h619s
"光泰電線電纜有限公司",10tfmerc
"巨擎科技股份有限公司",10t09u0g
"GRANDA SERVICES CO., LTD.",1a2x6bkffy
"長佳智能股份有限公司",1a2x6bkoxb
"鑫技精密股份有限公司",1a2x6bkll3
"核果智能科技股份有限公司",1a2x6bm1f9
"Dable_德博股份有限公司",1a2x6bl4xg
"京華石英科技有限公司",1a2x6bm5my
"允和科技股份有限公司",1a2x6bm5n0
"電能工程股份有限公司",1a2x6bm5sj
"巡辰股份有限公司",1a2x6blozo
"永盛精密鈑金有限公司",1a2x6blqnf
"立湟有限公司",1a2x6bm5qd
"艾法科技股份有限公司",12osuru8
"大嘉科技股份有限公司",1a2x6bjnfx
"丞基技研股份有限公司",5ze1280
"學悅科技_學悅科技股份有限公司",1a2x6bj9tt
"香港商女媧創造股份有限公司台灣分公司",1a2x6bjn1i
"辛晴工程有限公司",1a2x6bjsq2
"新加坡商歐美聖系統有限公司台灣分公司",1a2x6bkbjc
"京麒數位科技股份有限公司",d8qcvw8
"駿隆科技平台股份有限公司",1a2x6bl3ka
"佳佑通訊企業社",1a2x6blpj9
"齊碩科技股份有限公司",7sbu75c
"尼采實業股份有限公司",7a1a89k
"信錦企業股份有限公司",gitkkfc
"麗晶光電科技股份有限公司",1a2x6bl0t8
"翌勤通訊股份有限公司",odys77c
"日商神電科技股份有限公司台灣分公司",cu1clrc
"諾亞克科技股份有限公司",1a2x6bkxqi
"創鑫智慧股份有限公司",1a2x6blaj3
"旭丞光電股份有限公司",5ysta2w
"捷揚光電股份有限公司",7l7onu8
"TOYSELECT拓伊生活＿紐萊賜有限公司",1a2x6bkdlj
"矽眲鴔猼悒鬫陪迨膝q",10valreg
"亞太國際電機股份有限公司",18mx6av4
"歐德斯電通科技股份有限公司",1a2x6biazn
"特博斯影像製作有限公司",1a2x6bl5yi
"智湧科技有限公司",1a2x6bl6cg
"快食尚數位股份有限公司",1a2x6blogd
"廣視電子科技有限公司",1a2x6bilfq
"美科系統股份有限公司",bieasig
"東莞冠坤電子有限公司",1a2x6blnbv
"那默工作室",1a2x6bkwsd
"麥獅數位互動工作室",1a2x6bl7qy
"卓建精密工業股份有限公司",10qm0sdk
"阿波羅機電實業有限公司",1a2x6bld9m
"甌圖軟體開發股份有限公司",7jzbbzc
"群逸科技有限公司",1a2x6bjekn
"創譽科技有限公司",1a2x6bljoo
"駿騏科技有限公司",1a2x6bjp82
"紅番茄愛娛樂股份有限公司",1a2x6bkx4r
"康博工業股份有限公司",1a2x6bim4s
"宗威科技行銷有限公司",1a2x6bjapz
"晟光科技有限公司",1a2x6bl3nk
"台灣普雷斯門科技股份有限公司",1a2x6bm0oe
"新加坡商亞必福科技股份有限公司台灣分公司",1a2x6bkz3w
"興普科技股份有限公司",5w5hp1k
"矽格股份有限公司",anzesfk
"華儀電子股份有限公司",9k9kt5s
"定陽企業有限公司",arpyjfk
"遠新科技有限公司",ckruimg
"吉鴻電子股份有限公司",awikpb4
"聯成國際有限公司",cr23u3s
"圜達實業股份有限公司",gonrxkw
"紳暉精密科技股份有限公司",giov2ko
"友通資訊股份有限公司",e7v7vxc
"鉅捷科技有限公司",10qkryy8
"奇力新電子股份有限公司",llekkg8
"橘野數位設計有限公司",1a2x6bi3bs
"畇成科技股份有限公司",1a2x6bj3wb
"台灣基達科技股份有限公司",1a2x6bkmys
"傑泰軟體開發股份有限公司",1a2x6bl7sr
"巧?國際服務有限公司",1a2x6bl94f
"騰曜網路科技股份有限公司",1a2x6bl80p
"東莞為勤電子有限公司",1a2x6blnc3
"昇皇科技有限公司",1a2x6bm5n1
"創亞國際股份有限公司",1a2x6bk52c
"張公館有限公司",1a2x6blvij
"大陸商北京北方華創微電子裝備有限公司",1a2x6bjbk0
"中揚資訊股份有限公司",cwf01m8
"資峰科技有限公司",1a2x6bjbmh
"雅領股份有限公司",d3sa7y0
"花嫁多媒體有限公司",1a2x6bkzxy
"晟曜科技股份有限公司",1a2x6blf5t
"新益昌光電股份有限公司",1a2x6bkflx
"傳說國際行銷有限公司",1a2x6blsdh
"共玩谷親子玩習所_遊酷股份有限公司",1a2x6binla
"香港商?能科技有限公司",1a2x6bi575
"琳得科精密塗工股份有限公司",60u1jy0
"映利科技股份有限公司",1a2x6bkki3
"知識糖果數位社群媒體股份有限公司",1a2x6biefb
"Xperi_香港商迪提斯數碼影院系統有限公司台灣分公司",dbg9yo8
"弘聲電腦有限公司",1a2x6biie4
"鈺太科技股份有限公司",cuqf7l4
"荷米斯遊戲有限公司",1a2x6bkyv7
"台灣睿牛科技有限公司",1a2x6blp9x
"優選本土化服務有限公司",7fdqqyo
"Ingenico_聯天科技股份有限公司",10vhpc0o
"先鋒科技股份有限公司",afz43ps
"茂業智慧安防有限公司",1a2x6bkx0s
"昱泉國際股份有限公司",ap9yac0
"鉅茂科技股份有限公司",13n693a0
"杰強國際有限公司",wd17j3k
"佳磊股份有限公司",60duyy8
"偉聯科技股份有限公司",9jvefpc
"海韻電子工業股份有限公司",1zlh3eo
"喬信科技",1a2x6bm5rb
"台灣萬代南夢宮娛樂股份有限公司",5tz3jtk
"光群雷射科技股份有限公司",a5hd5zk
"新亞科技有限公司",5zs08f4
"大樣光電科技有限公司",b6ybeq8
"蘭陽能源科技股份有限公司",b642f0w
"台灣智慧服務股份有限公司",1a2x6bilm7
"詠成真空科技有限公司",1a2x6bj77s
"蘭陽能源科技股份有限公司",b642f0w
"全球儀器科技股份有限公司",b7ggqsg
"大樣光電科技有限公司",b6ybeq8
"冠信電腦股份有限公司",d4hw3g0
"恩曦設計有限公司",1a2x6bjjb5
"百容電子股份有限公司",o8fu6n4
"肯狄科研有限公司",oef76o0
"喬泓科技有限公司",1a2x6bjw1j
"同發安科研有限公司",1a2x6bk5n8
"鑫鉑資訊股份有限公司",1a2x6bkkiu
"工智聯科技股份有限公司",1a2x6bksdx
"永沛川有限公司",1a2x6bkqg0
"亨洋科技有限公司",1a2x6bm5oe
"酉告有限公司",1a2x6bm5nx
"御光能源興業股份有限公司",1a2x6bm5ov
"哥雲數位文化有限公司",1a2x6bm5q8
"和康顧問有限公司",1a2x6bl5lz
"聯濤電子股份有限公司",1a2x6blce5
"元?精密科技股份有限公司",1a2x6bl9qx
"廣宸電信工程有限公司",1a2x6blias
"里特科技有限公司",1a2x6blrmy
"和合資源綠能有限公司",1a2x6blvkl
"數位玩家資訊科技有限公司",1a2x6bm0pv
"杰?科技有限公司",1a2x6bl0is
"英屬維京群島商幣託科技有限公司台灣分公司",1a2x6blqbp
"智勝科技股份有限公司",10ukqxdc
"樂多光影館",1a2x6bitnf
"基光科技有限公司",1a2x6bkv9u
"商智科技股份有限公司",1a2x6bkuql
"昌鈦國際企業有限公司",1a2x6blys7
"學力創意科技股份有限公司",1a2x6blde4
"覓思國際行銷股份有限公司",1a2x6blkop
"愛在家平台有限公司",1a2x6bl0tw
"美亞淇有限公司",1a2x6biq9q
"欣豪科技股份有限公司",1a2x6bk1kd
"全網行銷股份有限公司",cnt1dfc
"精信精密工業股份有限公司",alzk7x4
"桓浩科技股份有限公司",dbxbr4g
"華夏科技股份有限公司",5req288
"撼訊科技股份有限公司",7gk2qe0
"旭昇國際電子股份有限公司",cx8zqg0
"豐穗國際股份有限公司",cx33jk0
"諾威量測設備股份有限公司",whrsdbc
"雷音電子股份有限公司",1a2x6bi4es
"岳峰工業有限公司",18oft8a0
"跨際數位行銷有限公司",1a2x6bjahj
"奈司特技術股份有限公司",1a2x6bjxk6
"碩哲科技股份有限公司",1a2x6bk436
"小老婆汽機車資訊網_冠妍動力科技有限公司",1a2x6bkuxc
"海富智慧科技股份有限公司",1a2x6bky6b
"永麟有限公司",1a2x6bl8i2
"Fazz Financial Group_新加坡商迅星金融科技有限公司台灣分公司",1a2x6bl5cy
"震傳媒股份有限公司",1a2x6blq8i
"貝里數位有限公司",1a2x6bm5nj
"瑞奇國際電子商務有限公司",1a2x6bm16k
"聖大國際科技有限公司",1a2x6bm5mh
"鴻超環保能源股份有限公司",1a2x6bm5gv
"慶聯科技股份有限公司",cj0lq48
"翔立光科技股份有限公司",1a2x6bk48i
"深嵐資訊企業社",1a2x6bm3e0
"鼎盛精密工業股份有限公司",anhkd48
"潮碼科技股份有限公司",oq03suo
"泓祺科技有限公司",1a2x6bkx36
"偉煬企業有限公司",1a2x6blh3r
"碩睿資訊有限公司",1a2x6bijcn
"Mickeyfone Technologies (India) Private Limited",1a2x6bldyi
"亞奕休閒科技有限公司",1a2x6bjyik
"兆派娛樂科技有限公司",dco82ow
"高登智慧科技股份有限公司",1a2x6bi2jk
"偉度企業有限公司",18llzlbc
"JustCo_臺灣嘉世科有限公司",1a2x6bkru3
"盈慶通訊科技有限公司",1a2x6bl2z4
"未來教育科技有限公司",1a2x6blmf1
"友暉企業有限公司",12o3dtt4
"京力科技有限公司",1a2x6blymw
"親子良品_碩智國際數位整合有限公司",1a2x6bi4zg
"未來全球科技股份有限公司",1a2x6bl17d
"韓商三星能源材料股份有限公司台灣分公司",1301lre8
"聯陞電信網路科技股份有限公司",1a2x6biouy
"時創科技股份有限公司",1a2x6bjt88
"昇華科技股份有限公司",13n2mchk
"冠諭科技股份有限公司",d9ptyfk
"上博資訊實業股份有限公司",5zzx2a0
"勝釩科技股份有限公司",1a2x6blfvr
"定揚科技股份有限公司",12xsr2o8
"舜全電子股份有限公司",13sw9jk8
"易佳科技股份有限公司",13w2j3iw
"台灣SAMSUNG_韓國三星電機_大陸商深圳三星電機有限公司台灣分公司",1a2x6binfp
"映像有限公司",ab1jdlk
"龍雲亞普恩科技股份有限公司",b821ku8
"翔洸電子股份有限公司",adgltvk
"三弦電子股份有限公司",arcby60
"竑廣精密科技有限公司",clvr4zk
"葳天科技股份有限公司",cmd9esw
"亞璿資訊有限公司",cqi1mvk
"樂豐麒科技股份有限公司",da0e0j4
"秀育企業股份有限公司",r7st6i0
"金廣科技股份有限公司",1105xylk
"博科資訊股份有限公司",10uvzjq8
"創廷科技有限公司",1a2x6bm1kr
"道易科技有限公司",1a2x6bkyim
"香港商易付科技網路有限公司",1a2x6bl1lk
"爭戰科技股份有限公司",1a2x6bm3zw
"上億通訊行",1a2x6bm5jo
"青城創意有限公司",1a2x6bm5km
"東昇休閒有限公司",1a2x6bm5a5
"希其國際有限公司",1a2x6bm5h4
"武土台灣股份有限公司",1a2x6bm5ji
"鼎盛國際科技有限公司",1a2x6bm5le
"米斯馬工作室",1a2x6blcl1
"恩柏科技有限公司",1a2x6bly6x
"源祺科技有限公司",1a2x6bi8ly
"愛因偲坦創意互動設計有限公司",1a2x6bm5jf
"炬昕數位科技有限公司",1a2x6bm139
"玖業電腦股份有限公司",cpi204o
"世博數位科技有限公司",1a2x6bjtg2
"南瀛電訊工程股份有限公司",7o81okg
"錫宬國際股份有限公司",1a2x6bi014
"德智國際股份有限公司",1a2x6biud9
"旭邦科技股份有限公司",1a2x6bjqre
"耀菱電子有限公司",7m145tc
"承揚資訊有限公司",12tt91tk
"華研科電子股份有限公司",1a2x6bit9e
"丞翊電力工程技術股份有限公司",1a2x6bljd3
"宇文資訊股份有限公司",ctrn040
"晟億科技有限公司",10qpylbc
"蔻緹雅國際有限公司",1a2x6blm1w
"菁英電子材料股份有限公司",1a2x6bikvh
"宏友科技股份有限公司",d9kgr6o
"匯智勝有限公司",1a2x6blbkk
"優立迅有限公司",1a2x6bj59b
"聯穎國際股份有限公司",151atfbs
"鉅京科技股份有限公司",d7f5pdc
"宜星國際股份有限公司",d6hytxs
"國輝工業有限公司",1a2x6bm2qg
"綠島計畫有限公司",1a2x6bkyoy
"英鈦股份有限公司",12xiqrzs
"和鍥精密電子股份有限公司",15a77heo
"達文西數位科技有限公司",cso9pqg
"茂傑國際股份有限公司",7ia2ffs
"三竹資訊股份有限公司",13kjqgog
"威世世銓科技股份有限公司",al316ig
"Daewon-Peak Taiwan_香港商必佳國際(亞洲)有限公司台灣分公司",a5iyb34
"威倫電子股份有限公司",9m59mgw
"優客特有限公司",1a2x6bm59q
"欣興電子股份有限公司",at8e1vc
"富鑠科技股份有限公司",d5u9isw
"啟延電子科技股份有限公司",jnyd9c
"啟延電子科技股份有限公司",jnyd9c
"威世世銓科技股份有限公司",al316ig
"欣興電子股份有限公司",at8e1vc
"達文西數位科技有限公司",cso9pqg
"富鑠科技股份有限公司",d5u9isw
"溶藝影像股份有限公司",1a2x6bjsce
"其辰科技股份有限公司",1a2x6bju3r
"美商連科股份有限公司",1a2x6bk74i
"防潮家股份有限公司",wbk98k0
"博格科技股份有限公司",10tcvnz4
"光進科技股份有限公司",12ncsztk
"香港三安光電有限公司",1a2x6bkgyo
"賽鐸股份有限公司",1a2x6bl3fv
"得一國際有限公司",1a2x6bl5n6
"機本美數位有限公司",1a2x6bl3mv
"奇跡電子有限公司",1a2x6bm5f3
"達舜精密股份有限公司",1a2x6bm5eq
"佳瑞資訊有限公司(籌備處)",1a2x6bm5fo
"比特盟科技有限公司",1a2x6bm5ir
"備客股份有限公司",1a2x6bm5gb
"海富銘品有限公司",1a2x6blmsj
"鴻海集團_澳門商江左盟科技有限公司台灣分公司",1a2x6blnvr
"行動學習科技股份有限公司",oixe6dc
"荷蘭商鑫明材料有限公司台灣分公司_CMC Materials B.V., Taiwan Branch",wirel1c
"天冠資訊股份有限公司",1a2x6bln9n
"鈦陽科技能源有限公司",1a2x6bjkaj
"知之有限公司",1a2x6bjhl4
"香港商芯凱電子科技股份有限公司台灣分公司",d23sslk
"立達電子科技有限公司",1a2x6bk4o0
"亞瑞特數位社群行銷有限公司",1a2x6bjozl
"雷戈文創有限公司",1a2x6blrea
"夏季數位有限公司",1a2x6bj80w
"華中光電科技有限公司",1a2x6blolq
"萊斯科技有限公司",1a2x6bjnwb
"永達網股份有限公司",1a2x6bi7ql
"台灣愛洛有限公司",1a2x6bkw90
"仜川國際股份有限公司",1a2x6bludy
"保信企業社",2lq733s
"寶陸科技股份有限公司",5v13e3s
"台灣康泰克股份有限公司",cwh4pnc
"DECOTV室內設計平台DECO雜誌_詠昌盛整合行銷文化事業有限公司",1a2x6bjrme
"崑鼎科技工程有限公司",b8t32d4
"台灣住友培科股份有限公司",7jy7amg
"香港商比亞迪股份有限公司在台辦事處",10wz3qt4
"騰暘科技有限公司",1a2x6blnlp
"憶鎰科技有限公司",1a2x6blnp6
"美訊實業有限公司",4bqqf5s
"力特康可電子股份有限公司",cxgl51c
"鳳凰能源科技有限公司",1a2x6bjc9u
"群揚資通有限公司",1a2x6bi5yo
"太陽人數位行銷_太陽人文化傳播有限公司",1a2x6bj1kk
"新至陞科技股份有限公司",gjkhc74
"Molex Taiwan Ltd._台灣莫仕股份有限公司",gi6yhbs
"搜咖科技股份有限公司",1a2x6blojd
"航見科技股份有限公司",1a2x6bl3wo
"艾奇網路科技有限公司",10rp2nhk
"廣範實業有限公司",12uncx40
"名鑰電腦有限公司",13mnfgzk
"台灣關口工業股份有限公司",13omnfgg
"英科資訊科技股份有限公司",112abjxs
"漢登科技股份有限公司",18qcul9s
"力成科技股份有限公司",7dyysmw
"常珵科技股份有限公司",a79ehi0
"聯力工業股份有限公司",adwxuuw
"芯動力國際股份有限公司",1a2x6bie24
"米菲多媒體股份有限公司",1a2x6bjh62
"網聯通訊股份有限公司",1a2x6bjb3f
"尼諾思科技股份有限公司",1a2x6bk4wg
"金小開有限公司",1a2x6blqj7
"鳴醫股份有限公司",1a2x6bkc14
"英屬開曼群島商麥迪創科技股份有限公司台灣分公司",1a2x6bkmaz
"赫斯全球有限公司",1a2x6bl7es
"兆躍科技股份有限公司",1a2x6blkub
"快樂薯片創意有限公司",1a2x6bm5c9
"鑑智實相科技股份有限公司",1a2x6bm5ft
"預言積有限公司",1a2x6bm5g1
"易通通訊有限公司",10yugwd4
"SENHO!生活選品_谷百實業有限公司",1a2x6blf4e
"凱德科技股份有限公司",b88rxdk
"鴻海集團_澳門商晨光有限公司台灣分公司",1a2x6blkfk
"松泉科技有限公司",1a2x6bl942
"天新資訊股份有限公司",aipojjk
"簡單行動支付股份有限公司",1a2x6biqxj
"安德網路股份有限公司",d8ogk0o
"泰睿科技股份有限公司",60hc6o0
"日商ULVAC優貝克集團_超淨精密科技股份有限公司",1a2x6bi4ng
"亞驪企業股份有限公司",awy4bww
"長樺電子股份有限公司",a5qodw0
"大河科技有限公司",cw49d3c
"浩裕國際有限公司",1a2x6bk5zy
"安硌穈T股份有限公司",wf0uhow
"台灣豪雅光學股份有限公司台北分公司",a943zz4
"聯德電子股份有限公司",ag8l9co
"昇銳電子股份有限公司",adse7nk
"柏友照明科技股份有限公司",b5d9840
"晶測電子股份有限公司",d4tj2s0
"神盾股份有限公司",d8vx7bc
"力旺電子股份有限公司",win519c
"友易電子有限公司",1a2x6bkc2d
"勝創科技股份有限公司",12uh60f4
"廣宏光電有限公司",1a2x6bj830
"台趣科技有限公司",1a2x6bkn39
"邁達科技有限公司",1a2x6bldh2
"羲奕研策股份有限公司",1a2x6blf36
"麗德精密工業股份有限公司",1a2x6bm0c3
"亞奇雷科技股份有限公司",1a2x6bkr0i
"株式?社BoostDraft",1a2x6bm3o8
"拓布拉信息技術有限公司",1a2x6blng7
"神倫資訊股份有限公司",1a2x6bkey9
"禾向數位科技有限公司",1a2x6bl8h8
"威世波股份有限公司",cr6ax5c
"威納科技股份有限公司",5ylvikg
"華孚科技股份有限公司",g9680ug
"卓健智慧生態股份有限公司",1a2x6bkges
"睿訊有限公司",1a2x6bj0c3
"城翔發展有限公司",1a2x6blncg
"恆誠企業股份有限公司",1a2x6blw9v
"哈崴科技有限公司",d8ky86g
"偉宸電子股份有限公司",1a2x6bjb80
"SHILLS_林荃企業有限公司",10z7cebk
"凱銳光電股份有限公司",clhm9jk
"碩泰網通股份有限公司",1a2x6bjlv0
"樂耀台灣有限公司",1a2x6blmuh
"艾尼諾科技有限公司",1a2x6blusw
"廣錠科技股份有限公司",1a2x6bia3t
"大熹企業有限公司",13igzomg
"塞席爾商悠福科技股份有限公司",1a2x6bk0hw
"金利精密工業股份有限公司",g830454
"雲發互動科技有限公司",1a2x6bkb1m
"倢睿股份有限公司",1a2x6blvgq
"瑞鼎科技股份有限公司",10zv3t2o
"帝緯系統整合股份有限公司",anxeu5k
"伊甸之眼股份有限公司",1a2x6bkxk8
"邏輯電子股份有限公司",25jlgy8
"耀瑄科技股份有限公司",wcaufns
"瑞勝捷科技股份有限公司",b7xcxuo
"合研科技股份有限公司",d2oa8fs
"洛克儀器股份有限公司",13ieq4o0
"新漢股份有限公司",13x18iow
"伸駿企業有限公司",18hwfw5k
"普詮電子股份有限公司",18j2v08g
"台灣電能股份有限公司",1a2x6bidow
"英威康科技股份有限公司",1a2x6bj10i
"樂音科技股份有限公司",1a2x6bjeyg
"青鳥互娛有限公司",1a2x6blfel
"全諾科技有限公司",1a2x6bm4z5
"三隻小鳥有限公司",1a2x6bm5e7
"偉德仕有限公司",7rnlyoo
"升活商務顧問有限公司",1a2x6blnpf
"冠西電子企業股份有限公司",fs29ho0
"世豪電子股份有限公司",1a2x6blnuy
"恩智區塊鏈科技有限公司",1a2x6bjqz2
"銘優科技股份有限公司",5uy1gjk
"庫甲資訊有限公司",1a2x6bksoq
"坊和企業有限公司",1a2x6blulo
"華友材料科技股份有限公司",aeswj8o
"緻太股份有限公司",1a2x6bl2dv
"灼見科技股份有限公司",1a2x6blbkh
"佶特國際股份有限公司",cohtl0w
"美商邁凌科技有限公司台灣分公司",1a2x6bi092
"加壹數位股份有限公司",1a2x6blmy8
"技星股份有限公司",1a2x6bldxl
"益芯國際有限公司",1a2x6blewn
"華新智能科技有限公司",1a2x6bllvt
"立寶電子股份有限公司",ad0gm9k
"協技科技股份有限公司",at4kcb4
"百利通亞陶科技股份有限公司",wijdqw0
"德叡股份有限公司",5tud5k8
"愷翔實業股份有限公司",60zxvgo
"鈺滿榮企業股份有限公司",7gohj7k
"盛美精密工業股份有限公司",7i0xuqg
"統盛事務機器有限公司",15710tm0
"貝倫企業股份有限公司",12t0yw9s
"伸峰科技股份有限公司",12xug4z4
"豐融精工股份有限公司",1a2x6bisvt
"樂倍達數位科技股份有限公司",cndyyf4
"森格科技有限公司",d2tdd14
"允鴻科技股份有限公司",1a2x6bjd83
"芙奕達科技有限公司",oemqym8
"康祐整合股份有限公司",1a2x6bk3dl
"凱樂思數位有限公司",1a2x6bkjer
"宏霖資訊有限公司",1a2x6bkln1
"網智服務國際股份有限公司",1a2x6bkljh
"犀望企業有限公司",1a2x6bm0k4
"國益電子元件銷售股份有限公司",1a2x6bl0h7
"新統科技有限公司",1a2x6bl3l0
"威群開發科技有限公司",1a2x6bm5c0
"元珊有限公司",1a2x6bm5e2
"神思工作室",1a2x6bm5bx
"釉白有限公司",1a2x6bm5ed
"德威機電有限公司",1a2x6blaqc
"優勢資訊科技股份有限公司",6124rqo
"方策數位有限公司",1a2x6bm0sg
"源芯半導體股份有限公司",1a2x6blgua
"ViewFinder_觀景窗創意有限公司",1a2x6bkwu9
"永聖資通有限公司",1a2x6bl1iq
"尼得科台灣股份有限公司",13on5ths
"嘉光科技股份有限公司",5v7f9t4
"帝巨企業有限公司",13vz52s0
"物聯記憶體科技股份有限公司",1a2x6bl8wo
"軒昂有限公司",d8esip4
"啟源數位科技有限公司",1a2x6bif5k
"悟和軒有限公司",1a2x6bm0o7
"網通軟體_某股份有限公司",1a2x6blflk
"聚漢國際有限公司",1a2x6bllbd
"群兆資訊有限公司",d9f3qvs
"禾風升科技股份有限公司",1a2x6bm000
"物宇智能科技股份有限公司",1a2x6bm593
"匯澄資訊股份有限公司",1a2x6bm59g
"貿特科技股份有限公司",1a2x6bj42k
"榮利科技股份有限公司",azna5zc
"矽誠科技股份有限公司",153bcr1k
"碩達電子科技股份有限公司",cm8actc
"威碩系統股份有限公司",d9dr094
"圖策科技股份有限公司",1a2x6bl7y5
"宣日光有限公司",1a2x6bm5bq
"數位通國際網路股份有限公司",wimqqlk
"宏芯科技股份有限公司",10w5fl3s
"侑達電子股份有限公司",5vagbqg
"元太科技工業股份有限公司",a5hpc9c
"神基投資控股股份有限公司",a5hho0w
"博威電通有限公司",1a2x6bjocy
"貿特科技股份有限公司",1a2x6bj42k
"多方科技股份有限公司",1a2x6bjx6c
"翰寶電子股份有限公司",1a2x6bk06s
"CommScope Ruckus_台灣康普通信系統有限公司",1a2x6bk694
"欣象多媒體整合行銷股份有限公司",1a2x6blqgq
"毅力科技有限公司",1a2x6bkgee
"?通科技股份有限公司",1a2x6bls4x
"神機數位科技有限公司",1a2x6blcu1
"比泰悅心科技股份有限公司",1a2x6blzh0
"Aptly Technology Taiwan._台灣適宜科技有限公司",1a2x6bm3td
"健康盟股份有限公司",1a2x6bm5ac
"岑宇網路科技工作室",1a2x6bm5ae
"政洲有限公司",1a2x6bklfb
"艾恩科技股份有限公司",1a2x6blxxx
"展頤國際股份有限公司",1a2x6blhzz
"大心數位文化股份有限公司",1101qyn4
"宇鏞科技工程有限公司",1a2x6bl9cq
"心統科技有限公司",1a2x6bi1la
"香港商亞洲遊戲有限公司台灣分公司",1a2x6bla9g
"衛普科技股份有限公司",12twbkzk
"顥天光電股份有限公司",1a2x6bk3b1
"恆久資訊有限公司",12qee7lk
"瑞創光電股份有限公司",okemz00
"集利興業股份有限公司",1a2x6blpt4
"CYBAVO_博歐科技有限公司",1a2x6bm0rk
"住電國際電子材料股份有限公司",5t2fo14
"鑫捷科技股份有限公司",1a2x6bi9tt
"盛思銳股份有限公司",1a2x6biat7
"Digital Frontier (Taiwan)_集拓聖域股份有限公司",oighic0
"維將科技股份有限公司",1a2x6bjolk
"巨勤系統設計有限公司",1a2x6bjrdt
"勵威電子股份有限公司",10sh8tio
"?????????株式?社",1a2x6blvmb
"凌航科技股份有限公司",7lwf3e8
"網家跨境服務股份有限公司",1a2x6bkw30
"道益有限公司",60yu4wo
"聯宸科技股份有限公司",1a2x6bjedh
"思銳科技股份有限公司",cwxs6o0
"荷蘭商飯山有限公司",db8a38w
"恩沛科技股份有限公司",1a2x6blo4u
"台灣冠飛電子科技有限公司",1a2x6bke5b
"台南網路資訊有限公司",cslc9fs
"信咚企業股份有限公司",12n5cywg
"長弘科技有限公司",60zny7k
"禾羽科技有限公司",1a2x6bja8o
"英屬開曼群島商犀動智能科技股份有限公司台灣分公司",1a2x6bkwu0
"聯盛網通股份有限公司",1a2x6blsy4
"興德電子有限公司",1a2x6bkr7o
"台研國際科技股份有限公司",1a2x6bjglv
"台灣諾頓股份有限公司",wda7gd4
"維帝數位通訊行",1a2x6bm1bf
"(Synaptics Taiwan)香港商新思國際科技有限公司台灣分公司",cihv5e8
"琦勝企業有限公司",ac7mamw
"羅技電子股份有限公司",a5h6v4w
"連展科技股份有限公司",a7y9szc
"天梭科技股份有限公司",akjvn7k
"台灣克羅瓦雷克斯股份有限公司",10u7bork
"友桂電子股份有限公司",5w43brs
"威煦軟體開發有限公司",1a2x6biwzn
"達亨科技有限公司",cmbldjc
"天贊企業有限公司",ctn0yhk
"皇昇科技有限公司",d5nbs28
"準爵科技股份有限公司",dbycc94
"維針精密股份有限公司",1a2x6bjisf
"凌全科技股份有限公司",1a2x6bjwaw
"阿斯迪康科技股份有限公司",1a2x6bm55k
"台灣奈微光科技股份有限公司",1a2x6bm5a7
"咸豐科技有限公司",1a2x6bll61
"嘉盟科創有限公司",1a2x6bllyy
"沙漠魚科技股份有限公司",1a2x6bm0ms
"艾思媒體有限公司",1a2x6bkl5b
"科爾迪股份有限公司",1a2x6bm59u
"鴻久科技股份有限公司",od6o7vk
"佳意網路多媒體",1a2x6blfeb
"台灣幣蜂數位有限公司",1a2x6blbfp
"台灣泰思肯有限公司",1a2x6bkcc5
"KAMBRIAN CORPORATION",1a2x6blx82
"詮源資訊股份有限公司",1a2x6bjkb4
"佳盛工業股份有限公司",ghzx46o
"正淩精密工業股份有限公司",a975vzs
"日商伊立有限公司",dem2tk0
"康統醫學科技股份有限公司",1a2x6bl3h9
"瞻新資訊有限公司",1a2x6bkxaf
"曜宇科技股份有限公司",112r51s0
"榮星科技股份有限公司",1a2x6blkat
"泰程科技有限公司",1a2x6bi5nt
"環輿科技股份有限公司",bjrl3ig
"茂太科技股份有限公司",13km2glk
"儀銳實業有限公司",1a2x6bk69v
"相豐科技股份有限公司",cx7b9qw
"明陽半導體股份有限公司",b7j8a4g
"南京資訊股份有限公司",9m40aiw
"筌智興業有限公司",13knjuo0
"新澄系統科技有限公司",1a2x6bk36n
"奧革設計有限公司",1a2x6bktvq
"宙盟資訊股份有限公司",155opso8
"鴻元電子股份有限公司",akf57eo
"樂果移動數位科技股份有限公司",1a2x6bjqej
"小犬科技有限公司",1a2x6blmy4
"一騰資訊服務股份有限公司",1a2x6blnnn
"推進工業有限公司",b4yksyo
"思偉達創新科技股份有限公司",1a2x6bkd6e
"梁陳吉時有限公司",1a2x6bm52h
"由田新技股份有限公司",13u156q8
"科宙企業有限公司",1525oln4
"圖睿科技有限公司",1a2x6bli6o
"德璽實業股份有限公司",15c5m0go
"邑民有限公司",5wj9or4
"美商萊迪思半導體股份有限公司台灣分公司",7e2rv1s
"精彩無限光影技術有限公司",1a2x6bi7bn
"鴻程亞太科技股份有限公司",1a2x6bjprv
"正翊國際股份有限公司",1a2x6bjtbc
"達義資訊整合有限公司",1a2x6bjjtr
"智谷系統有限公司",1a2x6bl5rb
"崧毓資訊有限公司",1a2x6bm56w
"鈦奇遊戲有限公司",1a2x6bm566
"大陽國際顧問有限公司",wc2ly1s
"盈昌電信工程有限公司",18q2gnuo
"圈圈科技有限公司",1a2x6ble7t
"得安科技有限公司",18lp0h2g
"台灣微米科技股份有限公司",10s1w3dc
"倍力資訊股份有限公司",wcvhu08
"創璿科技股份有限公司",1a2x6bkizt
"智趣娛樂廣告媒體有限公司",1a2x6bldb6
"翰興資訊有限公司",1a2x6bi169
"裕代有限公司",1a2x6bljue
"科亞富科技股份有限公司",d0fzdg8
"萬池王電池專賣_世賦企業有限公司",1a2x6bjn9v
"指南動力有限公司",5t81548
"皇瀚科技股份有限公司",1a2x6blkp5
"大賀智聯網股份有限公司",aapfpyg
"馥鴻科技股份有限公司",13mbpzdk
"已琳科技股份有限公司",b4ed3fk
"極思數位商略有限公司",10uirao0
"景佳科技有限公司",csvdrbs
"益宸資訊股份有限公司",cjxcl5s
"大毅科技股份有限公司",at7pqvc
"旭昇精密有限公司",dd8cqnk
"中華民國信用合作社聯合社南區聯合資訊處理中心",1a2x6bidjh
"拓實光電股份有限公司",1a2x6bihn1
"大朋科技有限公司",1a2x6bitfi
"香港商五人易有限公司台灣分公司",1a2x6bj7ce
"大毅科技股份有限公司",at7pqvc
"旭昇精密有限公司",dd8cqnk
"美麗概念國際有限公司",1a2x6bjcc6
"卓耀科技有限公司",1a2x6bjz25
"日商艾鳴網路遊戲股份有限公司台灣分公司",ocy7wmo
"台灣應用材料股份有限公司 _Applied Materials Taiwan",12no7t68
"正方形智慧新創有限公司",1a2x6blvic
"日商翠普拉股份有限公司",1a2x6bm1cv
"艾克森科技有限公司",1a2x6bm4s4
"鉅迅科技股份有限公司",1a2x6bm50e
"合勤企業集團_勤晁科技股份有限公司",1a2x6bm4zw
"采廣科技股份有限公司(籌備處)",1a2x6bm50o
"雷速網絡科技有限公司",1a2x6bm52e
"台灣塔奇恩科技股份有限公司",1a2x6bl8tc
"美而快電商金融科技股份有限公司",1a2x6bl6m5
"心保股份有限公司",1a2x6blkme
"慧達科技股份有限公司",1a2x6bm51a
"振鈦電子有限公司",1a2x6bl69q
"幣特寶科技有限公司",1a2x6blnne
"太奇雲端股份有限公司",1a2x6bjj3y
"台灣低碳有限公司",1a2x6bjox0
"靖洋科技股份有限公司",bj1wgh4
"葆樺科技有限公司",7ms0hds
"威固精密機械有限公司",1a2x6bl88b
"博敦電子股份有限公司",aq54cmg
"異網資訊股份有限公司",whfw8i8
"琝Q威科技有限公司",1a2x6bl3oi
"瑞澤電子有限公司",ohly234
"辰振工業有限公司",157mdig8
"穩懋半導體股份有限公司",wi42ew8
"來頡科技股份有限公司",oe0cw3k
"永豐太陽能能源有限公司",1a2x6bm4ui
"坤綸科技股份有限公司",61604ps
"統一企業集團_統一資訊股份有限公司",7f454u0
"昱萊股份有限公司",ayj6x6w
"雲端數位科技有限公司",b4wzg5c
"Patriot Memory Inc_博帝科技股份有限公司",coz7wv4
"旭全精密工業股份有限公司",fry39hk
"紅陽科技股份有限公司",wjdmmqg
"(ASML)台灣艾司摩爾科技股份有限公司",1a2x6bkj5x
"小萌科技有限公司",1a2x6bkml9
"安智聯科技有限公司",1a2x6bkzzz
"蒲川國際股份有限公司",1a2x6bl9cn
"匯廉科技有限公司",1a2x6blh5d
"鈺邦科技股份有限公司",cw4ypwg
"得速科技有限公司",cujrvug
"展雋創意股份有限公司",1a2x6bigwz
"崇越科技股份有限公司",aunp60g
"吉鑫國際科技股份有限公司",cj70btc
"Ragic_立即科技有限公司",d92siv4
"傑欣電子股份有限公司",1a2x6bibnz
"馗鼎奈米科技股份有限公司",5xqp0ug
"瑞亞科技有限公司",7pgw6hc
"五強軟體科技股份有限公司",7h6epag
"嘉吉億有限公司",1a2x6bl8ue
"MamiGuide_赤將國際股份有限公司",1a2x6blrgo
"閎碩科技股份有限公司",d0x9lww
"奧洛依科技有限公司",1a2x6blgg5
"凸發科技有限公司",1a2x6bl2ww
"新夥伴科技股份有限公司",odg2mqw
"群閎科技股份有限公司",d0i14jk
"東達科技股份有限公司",10urvwww
"開博科技股份有限公司",12o4zahc
"大中積體電路股份有限公司",1a2x6biad7
"合邦資訊科技有限公司",1a2x6bkaed
"東頂科技股份有限公司",1a2x6blmm5
"SPEEDFAM INC_創技工業股份有限公司",a9408y0
"倉莆股份有限公司",1a2x6blby3
"群琁地理資訊顧問股份有限公司",ayy9dqo
"台灣高美可科技股份有限公司",cx4pl28
"向上集團_向上國際科技股份有限公司",b7j4cx4
"兆富科技有限公司",cjkz4w8
"常利興業股份有限公司",fc2w0hc
"華能平方股份有限公司",1a2x6bkzys
"詮曜股份有限公司",5u19yco
"俊馳材料科技股份有限公司",5ssrl60
"新眾電腦股份有限公司",9rdxpwg
"PChome Online_網路家庭國際資訊(股)公司",7mmueb6
"勤遠科技股份有限公司",1a2x6bjmgi
"時他依麗有限公司",1a2x6bj526
"家盛科技有限公司",1a2x6bjvws
"台灣西思艾軟體股份有限公司",1a2x6bjxay
"鎰振科技股份有限公司",1a2x6bke4n
"OpenNet_開網有限公司",1a2x6bktzn
"程虹通訊行",1a2x6bkubi
"鈕酷樂股份有限公司",1a2x6bl7at
"鈕酷樂股份有限公司",1a2x6bl7at
"百金智能科技股份有限公司",1a2x6bln3i
"廣閎科技股份有限公司",d9gzeu8
"廣興能源科技股份有限公司",1a2x6bkl2f
"義大視覺特效股份有限公司",1a2x6bj15n
"利像科技股份有限公司",1a2x6blr32
"勤友光電股份有限公司",1a2x6bkjpn
"智網通科技股份有限公司",wgwirpk
"愛得電子股份有限公司",ppl3kag
"美商微視科技股份有限公司",1a2x6bi61t
"泰定企業股份有限公司",2765uyg
"煦丞企業有限公司",1a2x6bje5w
"晨碩系統科技股份有限公司",1a2x6blqnq
"炬識科技股份有限公司",1a2x6bj92p
"德周遊戲_亞炫企業股份有限公司",1a2x6bleza
"龍光企業有限公司",7c5xn00
"宏格多媒體設計有限公司",co1tdyw
"美商思佳訊半導體有限公司台灣分公司",10wjivg8
"QuickClick快一點_點點全球股份有限公司",1a2x6bl3er
"遞伊家科技股份有限公司",1a2x6bl9xs
"魔法堂科技股份有限公司",cl07t2o
"詠捷精密有限公司",cixcct4
"統毅實業股份有限公司",13rgbr28
"安展國際有限公司",1a2x6bjh5d
"新加坡商奧德利有限公司台灣分公司",1a2x6bjbpj
"全得資通有限公司",1a2x6bl242
"馬來西亞商紐豹科技有限公司",1a2x6biqzq
"德商_兆鎂新有限公司",bjsrffk
"華南電腦股份有限公司",6fx69bk
"芯創科科技股份有限公司",1a2x6birxc
"龍騰開發設計有限公司",1a2x6bm4xu
"梭特科技股份有限公司",odhxw1k
"金上達科技股份有限公司",wd55i7k
"華南電腦股份有限公司",6fx69bk
"好德科技股份有限公司",9jzpz8o
"新巨企業股份有限公司",9mth68o
"尚奕光學有限公司",1a2x6bjm9i
"芯創科科技股份有限公司",1a2x6birxc
"宇禾視覺形象有限公司",1a2x6bizd5
"虹映科技股份有限公司",1a2x6birf9
"摩揪台灣股份有限公司",1a2x6bj62l
"吉陽能源科技有限公司",1a2x6bjffv
"使丹達資訊股份有限公司",1a2x6blo46
"香港商?利精控科技有限公司台灣分公司",1a2x6blulv
"香港商艾加多科技有限公司台灣分公司",1a2x6blur0
"廣騰系統股份有限公司",1a2x6bl2zh
"有力電子股份有限公司",1a2x6bl8qs
"茗棋科技有限公司",1a2x6bm50r
"烜宇科技股份有限公司",1a2x6bm51t
"羅賓斯科技股份有限公司",1a2x6bm4zj
"禾鑽企業社",1a2x6blpja
"MixerBox_易享科技股份有限公司",1a2x6bifpd
"世選有限公司",1a2x6bkey3
"Wota Lifestyle_沃塔科技股份有限公司",1a2x6bjyu3
"雷普科技股份有限公司",wek5fko
"友宏整合行銷有限公司",1a2x6bi2b5
"日山能源科技有限公司",bi8haug
"三錸企業股份有限公司",1a2x6bj9ig
"鐿亨科技股份有限公司",1a2x6blvp2
"岳展科技有限公司",13lni9fk
"泓陽科技股份有限公司",ddspefc
"康揚企業股份有限公司",adu2zxc
"君主科技_德隆股份有限公司",1a2x6bjhbc
"北美國際股份有限公司",wey395s
"見臻科技股份有限公司",1a2x6bknuk
"雲湧資訊股份有限公司",1a2x6bk09e
"生融新數位科技有限公司",1a2x6bie3c
"銓揚精密有限公司",10tdydhs
"阿爾特數位科技有限公司",cukhzns
"輔翼科技股份有限公司",5y6k9ns
"SPOTCAM CO., LTD_視博網訊股份有限公司",1a2x6bir80
"宇漢電能科技股份有限公司",1a2x6bj3w1
"祐禾科技有限公司",1a2x6bimhu
"信都電子科技股份有限公司",afd7zsw
"致宣有限公司",1a2x6bljym
"月榮科技有限公司",d8vex4w
"沐華實業有限公司",7newu2w
"鴻藤科技有限公司",1a2x6blmgz
"赫揚科技股份有限公司",wgd65s0
"億尚精密工業股份有限公司",10nrunkg
"晶偉電子股份有限公司",5lknqeg
"華唐科技股份有限公司",60lxl54
"泰宏精密電子有限公司",12p5bmsg
"西柏科技股份有限公司",b0i93bs
"美力代電子科技股份有限公司",1a2x6biyeh
"臺灣碩貝德無線科技有限公司",1a2x6biwn6
"宏都國際有限公司",1a2x6binfn
"台灣伽瑪移動數位股份有限公司",1a2x6blmx3
"早安健康股份有限公司",1a2x6birvm
"波比科技有限公司",1a2x6bm4wa
"美力代電子科技股份有限公司",1a2x6biyeh
"美星健康科技有限公司",1a2x6bk0qh
"吃香喝辣科技股份有限公司",1a2x6bk6bo
"佳盛科技有限公司",1a2x6bkytf
"玻音先創科技股份有限公司",1a2x6bli94
"台灣江豐電子材料股份有限公司",1a2x6bla8u
"富宇聯網資訊有限公司",1a2x6blpys
"星暘能源股份有限公司",1a2x6blvhy
"康佐企業社",1a2x6bm1my
"遠傳電信泰山明志二店_希佴資訊有限公司",1a2x6bm3um
"群傑科技股份有限公司",1a2x6bm4u9
"洞察數位科技有限公司",1a2x6bm4s1
"即速股份有限公司",1a2x6bm4xs
"鋐渤科技有限公司",1a2x6bm4xk
"禾鼎科技股份有限公司",1a2x6bkfhs
"永勝雲端有限公司",1a2x6bjr6d
"華杏光電科技股份有限公司",1a2x6bijh1
"金冠科技有限公司",1a2x6bkuw3
"潁政有限公司",1a2x6bk4mv
"晶芯光電股份有限公司",wg3f1cg
"作好數位行銷有限公司",1a2x6bj4gz
"元亨資訊有限公司",1a2x6blhhz
"拍檔科技股份有限公司",auoiknk
"華旗資訊科技有限公司",1a2x6bkrrd
"明風電子企業股份有限公司",13r30bsw
"遠傳電信高雄大樹門市_盈卉通訊有限公司",1a2x6bm00r
"黑快馬股份有限公司",wdj4cu0
"元烽企業有限公司",25qdmaw
"呈威國際有限公司",1a2x6bj7xl
"竤洋媒體科技有限公司",b8fikps
"聯電電器股份有限公司",2731wv4
"超昱光電科技股份有限公司",7ogccvs
"香港商安森美半導體有限公司台灣分公司(ON Semiconductor)",7qnnns0
"羽天國際股份有限公司",1a2x6bm3uu
"凱得國際科技股份有限公司",d2h2p2o
"王聲電子科技有限公司",10qees6g
"鴻創科技股份有限公司",odcjdq8
"英保電腦股份有限公司",whpuplk
"香港商富日科技有限公司",1a2x6bkbho
"百泰齊股份有限公司",10rzzmv4
"清谷電子有限公司",10tmt748
"鈦沅股份有限公司",130f1tbk
"萬事宜股份有限公司",13yqy188
"廣佑科技股份有限公司",12t45jl4
"臺灣可億隆股份有限公司",13najsq0
"好點子數位創意有限公司",1a2x6bi6yk
"瓦諾數位創意股份有限公司",1a2x6bi0ve
"瑞元資訊股份有限公司",1a2x6biwrt
"福盈電子有限公司",1a2x6biva7
"前沿科技股份有限公司",1a2x6bjad3
"瑞鑫科技股份有限公司",1a2x6bjezy
"安茂微電子股份有限公司",1a2x6bjqa6
"?齊科技有限公司",1a2x6bk7jn
"金鼎網路科技有限公司",1a2x6bl5br
"致新生活有限公司",1a2x6bl9qn
"艾立斯科技股份有限公司",1a2x6bl9zl
"鴻益科技有限公司",1a2x6blo5t
"光陣三維科技股份有限公司",1a2x6bkpe9
"宇嵐有限公司",1a2x6bm4b3
"CTW株式?社",1a2x6bm4uz
"旭謙國際有限公司",1a2x6bm4v2
"錡陽實業有限公司",1a2x6bm4vn
"齊鋒娛樂有限公司",1a2x6bm4w6
"清盈科技股份有限公司",7l1yijk
"東捷科技股份有限公司",7kqi1s0
"群立科技股份有限公司",5zmzt1s
"碩益科技股份有限公司",10w5073c
"天邁科技股份有限公司",10sbvtzk
"金石堂網路書店_金石網絡股份有限公司",wjg0q9s
"馬克數位國際有限公司",1a2x6bjozi
"新客資訊有限公司",1a2x6blct0
"貝森碼科技有限公司",1a2x6bl1oa
"汎宇電商股份有限公司",b0vkysg
"晶業科技工程有限公司",1a2x6bi52f
"港灣生活家股份有限公司",1a2x6bjzly
"兆雲智能股份有限公司",olvqx8w
"肯創科技股份有限公司",18jjlz0w
"巨倫通信有限公司",13j6l1ls
"夏恩視訊有限公司",d86pvqg
"台灣貝克工業股份有限公司",ec6pqaw
"理想科研股份有限公司",1a2x6bk7jp
"邑錡股份有限公司",10zyn2v4
"興巨資訊股份有限公司",7hb4ips
"凌群電腦股份有限公司",2a5ju40
"雄獅資訊科技股份有限公司",13kq7dpk
"浤漮科技股份有限公司",1a2x6bkojq
"雙肩智慧股份有限公司",1a2x6bkzah
"BabyHome_競麗國際股份有限公司",112a4ezs
"佳凌科技股份有限公司",wjpd2ao
"奇帥企業股份有限公司",1a2x6biuf4
"躍正國際有限公司",1a2x6bkn5u
"帝聞企業股份有限公司",5a1o73k
"鎰福電子股份有限公司",awpmeso
"上旺科技股份有限公司",ayp0sqw
"聯易科技股份有限公司",dc0meq8
"聯款通股份有限公司",ohuymi0
"文筆網路科技有限公司",oe1bj0g
"麥卡爾科技股份有限公司",10vpdm08
"台技電機股份有限公司",13ws0me0
"喬暘電子股份有限公司",2bxjb9k
"靈知科技股份有限公司",18r2a0io
"網石棒辣椒股份有限公司",1a2x6bi29d
"晶王股份有限公司",7mak2p4
"康普艾節能科技股份有限公司",1a2x6bkaou
"新加坡商銳豹電子有限公司",1a2x6blr78
"QooApp_香港商波子遊戲有限公司台灣分公司",1a2x6bkf0a
"邦立資訊科技有限公司",1a2x6bkq14
"星瑞電子股份有限公司",1a2x6blg9z
"張量科技股份有限公司",1a2x6bm4tg
"新加坡商騰雲方舟有限公司台灣分公司",1a2x6bm4tp
"泓展國際企業有限公司",1a2x6bm4sx
"台容科技股份有限公司",1a2x6bm4na
"PChome Store_商店街市集國際資訊股份有限公司",bjnhgp4
"HiCloud_新加坡商遠豪科技有限公司台灣分公司",1a2x6blrab
"AREA02_台灣娜克阜股份有限公司",1a2x6bkw8k
"長庚國際能源股份有限公司",cr5x83c
"蹦世界數位創意股份有限公司",1a2x6bl7jr
"聯恩電子有限公司",cwrsddk
"奇?科技股份有限公司",1a2x6bkroc
"鋒霖科技股份有限公司",cwddvhc
"科倫數碼股份有限公司",7jc49hc
"群健/豐盟有線電視_順得榮工程有限公司",1a2x6bkf15
"欣統股份有限公司",akpw1c0
"華佑企業股份有限公司",13vc2574
"盛泰科技股份有限公司",15c25xn4
"整隆企業股份有限公司",p2inkw
"艾鍗科技有限公司",ddy4oio
"伯菲特科技股份有限公司",1a2x6bjor8
"宏康科技股份有限公司",cvrb888
"?堅企業有限公司",10uy4h0o
"遠傳海佃特約服務中心_長青電信科技有限公司海佃分公司",1a2x6bkegm
"阿摩科技有限公司",1a2x6bjrv6
"偉傳電訊股份有限公司",7g2wkj4
"雅森科技股份有限公司",10ruc25s
"昆泰電子有限公司",12tzf0k8
"台灣昭和電工貿易股份有限公司",112a6uyg
"云光科技股份有限公司",7fjqge8
"嘉秝資訊工程顧問有限公司",12zldz6w
"社群洞察股份有限公司",1a2x6bky0c
"金鋒綵國際有限公司",1a2x6bie1a
"捷新數位媒體股份有限公司",1a2x6bm4pt
"台星科企業股份有限公司",ctue05k
"台灣江波龍電子有限公司",dcvj4lk
"德商默克在台集團_默克先進科技材料股份有限公司",12qbab1s
"金財通商務科技服務股份有限公司",5tb9l8w
"台灣日酸股份有限公司",18jsud2o
"牧新科技股份有限公司",a5k5mi0
"鼎鉅電子股份有限公司",1a2x6bijsf
"德禮實業有限公司",1a2x6bjgnp
"唯數娛樂科技股份有限公司",1a2x6birnp
"日月光半導體製造股份有限公司中壢分公司",1a2x6bj87f
"ct媒體科技_誠采股份有限公司",1a2x6bkt2a
"萬摩科技有限公司",1a2x6bl0iz
"英屬開曼群島商互動寬頻股份有限公司台灣分公司",1a2x6bm4jq
"RHTW Services Co., Ltd_樂克有限公司",1a2x6bm4l7
"郎將股份有限公司",1a2x6bm4nw
"博聯資訊有限公司",15445ehk
"瑋鑫科技股份有限公司",whwkbwg
"群瑞科技股份有限公司",d76b6js
"台邦企業股份有限公司",1a2x6blng2
"奕晶國際行銷股份有限公司",1a2x6blj6r
"鉅晟數位科技有限公司",biaf4qg
"友嘉科技股份有限公司",18jumgy0
"香港商易革有限公司台灣分公司",1a2x6bjx1q
"為泰科技有限公司",1a2x6bkwrw
"星重力數位科技股份有限公司",1a2x6bm389
"成御股份有限公司",1a2x6bkoij
"ible Technology Inc_鴻辰通訊股份有限公司",1a2x6bkhaa
"巨茂應用材料股份有限公司",1a2x6bjr5c
"宏瀨光電有限公司",1a2x6binte
"超耀通信有限公司",5zgpx3s
"遠業科技股份有限公司",155uuh48
"喬維科技有限公司",154vt2mg
"和沐科技股份有限公司",1a2x6bjkvq
"博精技研股份有限公司",1a2x6bjs8p
"英弗馬訊顧問有限公司",1a2x6bkijm
"橙鋐科技股份有限公司",1a2x6bkw33
"源點資訊軟體有限公司",1a2x6bl5lt
"通盈盛科技有限公司",1a2x6bljbe
"千昀科技股份有限公司",1a2x6bk1a9
"科榮網路資訊有限公司",ddd4np4
"博電電子股份有限公司",cmgc1ts
"美商帝奧微電子有限公司台灣分公司",1a2x6bje85
"聚豐全球股份有限公司",1a2x6bin34
"漂亮數位股份有限公司",1a2x6big55
"怪獸老爸創意文化有限公司",1a2x6blucf
"科思達國際股份有限公司",ckg56ew
"中華網龍股份有限公司",wempj5s
"雲馥數位股份有限公司",1a2x6bk5w4
"百奕工程有限公司",1a2x6birlz
"美佳研發有限公司",1a2x6blthf
"彥翰娛樂有限公司",1a2x6bls1g
"元超國際股份有限公司_TANTRON INTERNATIONAL CORPORATION",5y3toa0
"鴻通海科技股份有限公司",7nj2b94
"康泰智能科技股份有限公司",1a2x6bkep9
"日來能源股份有限公司",1a2x6bm0a4
"長園科技實業股份有限公司",7g1o82w
"佳霖科技股份有限公司",aecqfzs
"富動科技股份有限公司",b7l98o0
"瀚騰科技股份有限公司",bjg2t5s
"尚程資訊有限公司",1a2x6bm4p5
"高雄晶傑達光電科技股份有限公司",14vy7l9s
"亞源科技股份有限公司_ (APD)",1306vxug
"皏菗鴔猼悒鬫陪迨膝q",1a2x6blksk
"瑞太福科技股份有限公司",5ztbpiw
"旺玖科技股份有限公司",7fjpig0
"群特科技股份有限公司",7jpry3k
"錦明集團_錦明實業股份有限公司",aby4oso
"香港商鈞茂電子有限公司",1a2x6bj6sd
"謦鴻科技股份有限公司",1a2x6bjaed
"謦鴻科技股份有限公司",1a2x6bjaed
"遠傳電信特約門市_北大通訊行",1a2x6bk5qi
"因特美有限公司",1a2x6bkvjj
"卡地夫科技有限公司",1a2x6bl33k
"新加坡商寶吉特有限公司台灣分公司",1a2x6blm09
"韓國商特科源有限公司台灣分公司",1a2x6blpru
"富麗煬科技股份有限公司",1a2x6blr7p
"科毅科技股份有限公司",cj8znps
"集盛電子股份有限公司",1a2x6bm4m4
"富灣股份有限公司",akrzs6o
"商之器科技股份有限公司",ag4yoqg
"安富財經科技股份有限公司",1a2x6bkhz9
"Wanbang Digital Energy Pte. Ltd.",1a2x6blznz
"科邦國際企業有限公司",10sw7p7k
"欣南科技有限公司",ap33ezk
"鎧柏科技有限公司",wg2lmpc
"廣承電腦科技有限公司",1a2x6biycr
"聯創材料工程有限公司",1a2x6bjfhs
"品宏通訊有限公司",1a2x6bkuny
"韓國商唯特迪恩股份有限公司台灣分公司",1a2x6bk31z
"乙鈦商業科技有限公司",1a2x6bjusw
"佧德科技股份有限公司",1a2x6bkm2e
"和光光電股份有限公司",1a2x6bl65i
"Lexionlu Design Firm_瑞芙國際設計有限公司",10ztj81c
"維鉅創新應用有限公司",1a2x6bkxps
"暉捷科技股份有限公司",cmogm8g
"頂級全球商務連結科技股份有限公司",1a2x6bleq5
"瓏程企業有限公司",wcmphw0
"寶島陽光再生能源股份有限公司",1a2x6bjsty
"旺捷智能感知股份有限公司",1a2x6bj2z1
"聯合聚晶股份有限公司",wd0ezbk
"瑞馳智庫股份有限公司",1a2x6bm05x
"安德雲科技有限公司",1a2x6blvaw
"銳?科技股份有限公司_RITI  TechnologyINC.",13on3ui8
"台灣泰凌微電子有限公司",ooyqz9s
"宏駿科技股份有限公司",1a2x6biq4c
"元譯實業股份有限公司",13iwffkg
"豐醇科技有限公司",1a2x6bj8lz
"爾灣科技有限公司",1a2x6bltmm
"寰宇宏科技股份有限公司",1a2x6bl308
"愛思強股份有限公司（AIXTRON Taiwan Co., Ltd.）",5votlnc
"兆能科技事業有限公司",wc0kyqg
"欣楓股份有限公司",18nk0yls
"三多利國際有限公司",18ph1wxs
"立達國際電子股份有限公司",bj6q5k8
"NEC_台灣恩益禧股份有限公司",5ok0vgo
"立大資訊網路股份有限公司",cl0mhmg
"金湛媒體科技股份有限公司",1a2x6bjsex
"聯強/OPPO/遠傳門市_宏成通訊企業有限公司",1a2x6bjtzh
"宇信電子有限公司",1a2x6blity
"皇亮科技股份有限公司",oepm54g
"連虹股份有限公司",w39picg
"擎元精密機械股份有限公司",10v2pfag
"泰立網路整合股份有限公司",10vhiplc
"嘉陞國際有限公司",10qkb93k
"泓海科技股份有限公司",10swv314
"鉅侖科技股份有限公司",10xdg8y0
"炘晟科技股份有限公司",1a2x6blueg
"海易科技股份有限公司",1a2x6blw0v
"幣修學分有限公司",1a2x6bm4hq
"幣修學分有限公司",1a2x6bm4hq
"永豐網路平台股份有限公司",1a2x6bm4jj
"樺康智雲股份有限公司",1a2x6bm4ln
"富綠新能源股份有限公司",1a2x6bm4lj
"台灣統明亮科技有限公司",1a2x6bm4kd
"天晶光電科技股份有限公司",1a2x6bm4ks
"MicroAI_One Tech Inc.",1a2x6bm4lc
"謙智機械有限公司",1a2x6bm4ls
"宇鎧科技股份有限公司",1a2x6blba7
"桓銘科技股份有限公司",1a2x6ble5y
"松揚科技有限公司",1a2x6bldue
"頑石國際有限公司",1a2x6bljmn
"華鉅網路股份有限公司",1a2x6bloij
"水碓柒研創有限公司",1a2x6blsip
"炘晟科技股份有限公司",1a2x6blueg
"寧恩科技有限公司",1a2x6blszc
"海易科技股份有限公司",1a2x6blw0v
"加密城市科技股份有限公司",1a2x6blwp6
"韋福電子有限公司",159z1psg
"超詮科技股份有限公司",18jz19rk
"立達信光電集團_立信電子科技有限公司",1a2x6bk127
"洋鑫科技股份有限公司",5w54g6w
"天空八八科技有限公司",1a2x6bkvf3
"極電資訊有限公司",awwaqsw
"衡基科技有限公司",1a2x6bk6n4
"尚谷數位行銷有限公司",1a2x6blfvs
"點映科技股份有限公司",1a2x6blbru
"太磊國際有限公司",1a2x6bim71
"信秉企業有限公司",1a2x6blno0
"鼎強科技股份有限公司",1a2x6bi14a
"中冠資訊股份有限公司",widcrxk
"品叡科技有限公司",1a2x6bkq82
"啟銓科技股份有限公司",1a2x6bktrc
"霍爾媒體有限公司",1a2x6bjr70
"波電企業股份有限公司",25pucmo
"世紀智庫管理顧問股份有限公司 (SmartM)",1a2x6bj7w6
"您好健康網路科技股份有限公司",1a2x6bkkv0
"台灣大哥大虎尾林森店_成采企業有限公司",5v5dow0
"慶泰興科技股份有限公司",cn3zeqw
"鈦思科技股份有限公司",7ms1jyo
"研力數碼科技有限公司",10z6ebgw
"英茂科技有限公司",1a2x6bl8px
"大塚科技股份有限公司",10zlqf8o
"創昕顧問股份有限公司",1a2x6bksol
"大陸商深圳市極致匯儀科技有限公司",1a2x6bipmb
"立乙科技有限公司",18qphwh4
"美商錸創聯有限公司",1a2x6bm15p
"易百益投資有限公司",1a2x6blszy
"粉紅行銷股份有限公司",1a2x6bki0y
"加百裕工業股份有限公司",7h3w268
"福鈴科技有限公司",1a2x6bimpj
"群豐科技股份有限公司",cwvzqg8
"方喬科技股份有限公司",1a2x6bj8x9
"湛橙資訊有限公司",1a2x6bjiy0
"台灣新進國際股份有限公司",wd7x99c
"大谷興有限公司",oe24t0w
"英達科技有限公司",10rwgnvk
"旺昌電子股份有限公司",111p1448
"貝爾網站國際有限公司",10vfwnbc
"訊譜有限公司",1a2x6blu48
"塔台智能網絡股份有限公司",1a2x6blaf5
"馬在飛科技有限公司",1a2x6blo9g
"點點閱有限公司",1a2x6blpei
"芒果樹科技",1a2x6blpr9
"訊譜有限公司",1a2x6blu48
"全得宏資訊有限公司",1a2x6blziq
"旺昌電子股份有限公司",111p1448
"英諾菲數位科技股份有限公司",1a2x6bm3tw
"總智庫行創有限公司",1a2x6bm40d
"Tecpal Limited",1a2x6bm4ku
"冠宏眼鏡有限公司",a7bept4
"慈暉電腦有限公司",aaqhefs
"育學雲端股份有限公司",cr154vk
"如梭世代有限公司",1a2x6bl2vx
"英特金實業有限公司",7eq2ieo
"益實實業股份有限公司",9ixpceo
"醫電鼎眾股份有限公司",cjbp8u0
"安舍國際有限公司",1a2x6blndf
"財團法人台灣地理資訊中心",8o4k48w
"崧彰企業有限公司",1a2x6bicdy
"穎諾科技股份有限公司",1a2x6blmln
"魁亨科技股份有限公司",d6n2k4w
"瑞珣股份有限公司",18op1ks8
"閎民科技股份有限公司",151q05fc
"華藝數位股份有限公司",wh6po1k
"迪西聲訊股份有限公司",10vtg70g
"思仕廣有限公司",1a2x6blusm
"承銘科技股份有限公司",d8dq7u8
"優佾科技有限公司",5u7a7ug
"日城資訊股份有限公司",7p6ve20
"年豐企業有限公司",12xtq2pc
"明憲科技有限公司",1a2x6blcor
"Moment Pet Wellness_有牠的生活股份有限公司",1a2x6bm4hc
"芝程科技有限公司",dehlu14
"翊勤科技股份有限公司",5ve8yps
"加煒興業股份有限公司",ajzxy0o
"宏惠光電股份有限公司",ac8ofbk
"啟昇工程有限公司",7n93sm8
"同一工業有限公司",axtiin4
"柏叡自動化科技股份有限公司",cmplshk
"艾陞科技有限公司",b6qcde8
"美環能股份有限公司",b5y25j4
"巧橡科技有限公司",d4ywaso
"力士科技股份有限公司",d76w56g
"美商原備有限公司台灣分公司",dbhoby0
"萬利電子股份有限公司",d9wkr68
"樺晟電子股份有限公司",i71egww
"廣鼎國際有限公司",12poeds8
"高揚資訊股份有限公司",14ziqmko
"亨新電子工業有限公司",15428yr4
"台灣歌爾泰克有限公司",1a2x6bi0q6
"泰宣企業股份有限公司",18jfv5mo
"魔方數位資訊服務有限公司",1a2x6bij46
"艾可開發股份有限公司",1a2x6bik39
"盈升益有限公司",1a2x6bjj1u
"新勢明科技有限公司",1a2x6bjd0k
"立創光電股份有限公司",1a2x6bjnn2
"麗源光電股份有限公司",1a2x6bkm51
"新加坡商揪口有限公司台灣分公司",1a2x6bl6kw
"鎂放數位媒體有限公司",1a2x6blqru
"鑫多媒體企業社",1a2x6blmvm
"錄佳光電科技有限公司",1a2x6bkr1x
"米斯特資訊有限公司",1a2x6bm4ih
"積木互動娛樂股份有限公司",1a2x6bm4e3
"辛太科技有限公司",1a2x6bm4go
"預見數據有限公司",1a2x6bm4i0
"美商無限智能股份有限公司",1a2x6bm4i2
"宇晨自動化科技有限公司",1a2x6bkw2i
"尚成科技有限公司",10rtiugo
"透視數據有限公司",1a2x6bk3ex
"鴻鼎資訊股份有限公司",1a2x6bik4l
"長豐智能科技股份有限公司",22v2c0g
"安達數位有限公司",110kb6yw
"喬登多媒體科技股份有限公司",113073fk
"玩運彩網路有限公司",dc0bfo0
"幻鼎數位科技有限公司",1a2x6blzre
"科寶電子股份有限公司",d7p0a14
"坤巨資訊股份有限公司",1538kkk8
"光研光纖工程行",1a2x6bihat
"豐聿科技股份有限公司",1a2x6blwyi
"凱健科技股份有限公司",1a2x6bjs06
"永純應用材料股份有限公司",d9t4djs
"諾司實業股份有限公司",156fqq4w
"唐覲企業有限公司",1a2x6blgih
"艾富資訊股份有限公司",10us97b4
"雷光網路科技有限公司",1a2x6blrx6
"昇揚國際資訊股份有限公司",1a2x6bkqfh
"騰榮創新股份有限公司",1a2x6blink
"弘翰科技股份有限公司",1a2x6blmvz
"熱點影像科技有限公司",b5gnp28
"好物有限公司",1a2x6bj5zh
"冠緯科技股份有限公司",12rlepqo
"歐宏光電股份有限公司",1a2x6blmw8
"雲康管理顧問有限公司",1a2x6blf9h
"冠永騰國際有限公司",1a2x6bl02t
"巨豪實業股份有限公司",aa7smj4
"資立電腦股份有限公司",avflplc
"大瑞科技股份有限公司",111fzio0
"三禮電子器材股份有限公司",e5v0ppk
"益新國際科技有限公司",157en3aw
"東芝_台灣鎧俠先進半導體股份有限公司",a5ir7oo
"世靖科技有限公司",1a2x6bm2vf
"崇眲鴔猼悒鬫陪迨膝q",6129riw
"優懋網電科技股份有限公司",12x8r93c
"鴻磬科技股份有限公司",15axmju0
"集程科技有限公司",1a2x6bit46
"嘉明利科技股份有限公司",1a2x6bj93x
"綠達節能科技股份有限公司",d7pnbi8
"富比庫股份有限公司",1a2x6bjlux
"博宇電子股份有限公司",1a2x6bjjfp
"景承科技股份有限公司",1a2x6bjklv
"戴爾特科技有限公司",od71c3k
"宥成科技實業社",1a2x6blvzi
"賽席爾商拜侖科技集團有限公司",1a2x6bkrs2
"乙汎國際有限公司",1a2x6bkwdm
"Kandou Bus Taiwan Inc._肯度科技有限公司",1a2x6bm4da
"超級兔頭娛樂有限公司",1a2x6bm4d4
"順盈有限公司",1a2x6bm4ei
"莫比機器人股份有限公司",1a2x6bm4fv
"臥龍網路營銷有限公司",1a2x6bm4eq
"鈞悠股份有限公司",1a2x6bm4en
"德瀚資訊有限公司",1a2x6bm3xb
"蘋果大聯盟美術館店_合定企業社",1a2x6bm4du
"智造科技股份有限公司",1a2x6bm4f1
"守付數位有限公司",1a2x6bl96z
"旎恩系統有限公司",1a2x6blgw4
"鴻海集團_虹晶科技股份有限公司",1a2x6biryr
"巴鈉德科技股份有限公司",1a2x6bm49e
"明虹科技股份有限公司",1a2x6bim3k
"智運國際科技股份有限公司",1a2x6bls4z
"竣丞國際有限公司",1a2x6bjhdj
"佳得科技工程行",1a2x6blgf4
"大勝科技實業有限公司",10rvdms8
"昶勛科技有限公司",1a2x6blimu
"進詠實業股份有限公司",ckm6lko
"歐格電子股份有限公司",edqxl3k
"台灣用友資訊軟體有限公司",olbdvl4
"陣列科技有限公司",wg81ejk
"亦立科技有限公司",10xu7skg
"鼎嚮科研股份有限公司",1a2x6bi69g
"智技有限公司",1a2x6blr6p
"超玖有限公司",1a2x6bif6v
"寰璟科技有限公司",1a2x6blp0r
"盈果數位有限公司",1a2x6blau7
"台灣信越半導體股份有限公司",12nogync
"新加坡商巧源電子科技股份有限公司台灣分公司",1a2x6bli3z
"網擎資訊軟體股份有限公司",7hkxtuo
"寶笙科技股份有限公司",7mpwng0
"長棣股份有限公司",150wg99s
"慶芳科技工程有限公司",1a2x6bjtfz
"合源通訊有限公司",1a2x6bln48
"Potix Corporation_普奇科技有限公司",d67vnv4
"太創能源股份有限公司",1a2x6bj73g
"亞洲伊帆科技股份有限公司",cqin6c8
"艾瑞小舖",1a2x6blnkc
"龐誼綠能科技股份有限公司",1a2x6bkzje
"神農資訊股份有限公司",cnlvvd4
"炯城科技股份有限公司",oh0yttc
"皓科實業有限公司",153j9qaw
"台晶再有限公司",1a2x6bijke
"綠捷能智控股份有限公司",1a2x6biew6
"佳維科技有限公司",1a2x6bjiae
"普瑞德資訊有限公司",1a2x6bjoi1
"hyve solutions_海峰電腦股份有限公司",1a2x6biwfi
"曜驊智能股份有限公司",1a2x6biwgs
"台灣捷電科技有限公司",1a2x6bj98k
"勇勝電子股份有限公司",1a2x6bjw4n
"跨買_貝殼島有限公司",1a2x6bkagg
"英錡科技股份有限公司",1a2x6bknge
"捷客物流股份有限公司",1a2x6bl7cl
"金果科技股份有限公司",1a2x6bm431
"佳和資訊科技商行",1a2x6bm442
"像素數科技術有限公司",1a2x6bm46i
"啊幄股份有限公司",1a2x6bm4b5
"創智有限公司",1a2x6bm3ua
"好思春有限公司",1a2x6bm44o
"得恩能源股份有限公司",1a2x6bm4cn
"東準科技股份有限公司",1a2x6bm48f
"瑞特遊戲科技企業社",1a2x6bm4dg
"研鋐精密電子科技股份有限公司",1a2x6bltvi
"興城科技股份有限公司",d2lyu4g
"福倉電子股份有限公司",13xc4sls
"美商捷易電子有限公司台灣分公司",1a2x6bi8r3
"群和軟體有限公司",1a2x6blpoo
"致新科技股份有限公司",12nokltk
"酷艾科技股份有限公司",1a2x6bjpuo
"紘通企業股份有限公司",7m5fg3c
"火鳳天翔科技有限公司",1a2x6bj2ms
"台灣廣田通商有限公司",7nym4sw
"威旭綠能有限公司",1a2x6bl6in
"眳鶿鴔猼悒鬫陪迨膝q",1a2x6bjycx
"汎神國際有限公司",1a2x6bjtbm
"鼎洲科技股份有限公司",1a2x6blnas
"協碩有限公司",1a2x6blmen
"泉聲電子股份有限公司",5zujqeg
"萬旭電業股份有限公司",achdycw
"安利得科技股份有限公司",112uiq6g
"陞鴻有限公司",1a2x6biaen
"現代財富科技有限公司",1a2x6biwol
"台灣歐日光電科技有限公司",1a2x6bivyg
"RWS Group/SDL plc_英商思迪股份有限公司",ctzjsfc
"皇輿科技有限公司",b9daqco
"宇智網通股份有限公司",ckqydzk
"嘉毅達光電企業股份有限公司",cvympkg
"日商CKD_台灣喜開理股份有限公司",d5kj0qw
"去玩工作室",1a2x6bjm2v
"呈穎科技有限公司",1a2x6bj9es
"沛然資訊有限公司",olwnzu0
"沛峰有限公司",1a2x6bjwyi
"香港商偉德國際企業有限公司",1a2x6bkl3c
"誠芯技術股份有限公司",1a2x6blv5j
"冠達國際通信工程有限公司",1a2x6bl1h8
"阿比特電子科技股份有限公司",1a2x6blhls
"數位因子網路科技有限公司",5wkrp74
"艾普特媒體有限公司",1a2x6bj2u1
"倍微科技股份有限公司",13wvgqr4
"湛研科技股份有限公司",1a2x6bket6
"新巧科技股份有限公司",1a2x6bleum
"台灣大哥大_金竑電信有限公司",1a2x6bkyzv
"好翫網路科技有限公司",1a2x6bl7lj
"弘煜科技事業股份有限公司",biikx4g
"揚聲多媒體科技股份有限公司",5yind8o
"晶成能源股份有限公司",1a2x6bkn1s
"睿加科技股份有限公司",1a2x6bkxfp
"英渥德科技股份有限公司",wd1locw
"卓航科技有限公司",1a2x6blmrv
"高平磊晶科技股份有限公司",7erwfv4
"達陣科技股份有限公司",1a2x6bll72
"亞訊股份有限公司",1a2x6bj350
"祥竑電子股份有限公司",10qcochs
"龍泰事業股份有限公司",a5hqeu8
"廣立登股份有限公司",d6wyfv4
"原始資訊科技有限公司",10yfpsrk
"佳值鏈有限公司",1a2x6bm1dd
"阿米拉拍賣股份有限公司",1a2x6bivxf
"勁游有限公司",1a2x6blv0o
"台灣智慧光網股份有限公司",1a2x6bjdt1
"希悌電信通訊器材有限公司",10yxqf2o
"晏晟科技股份有限公司",1a2x6bjl0i
"滐飛有限公司",1a2x6bm4as
"長煜科技有限公司",61lw5b4
"富蘭登科技股份有限公司",15c3kers
"財團法人電信技術中心",19hojm3k
"歐付寶電子支付股份有限公司",1a2x6bi3kb
"華能科技股份有限公司",7t2wl2w
"台達電子工業股份有限公司 _DELTA ELECTRONICS INC.",fn5mtmo
"孚佑實業有限公司",jkolag
"華碩電腦股份有限公司",auxx12g
"密科博股份有限公司",1a2x6bjajo
"統達能源股份有限公司",odzqvns
"建利光學股份有限公司",vzmxe28
"凱誠企業有限公司",10uxbn7k
"欣創科技有限公司",1a2x6bktei
"香港商創金科技有限公司",1a2x6bkzqx
"倫園有限公司",1a2x6bm47a
"逆轉科技有限公司",1a2x6bld68
"超赫科技股份有限公司",1a2x6blj7z
"亞古瑞得科技有限公司",1a2x6bjh4q
"Carim_嘉利姆工程股份有限公司",111p5rk0
"威衍有限公司",1a2x6bin3f
"引力數碼有限公司",1a2x6bkai6
"新揚科技股份有限公司",wihhl6o
"Tomofun_友愉股份有限公司",1a2x6bj1nc
"英商思睿邏輯國際股份有限公司台灣分公司",widsldk
"紅然股份有限公司",1a2x6bkkeu
"逸盛科技股份有限公司",158un41s
"意藍資訊股份有限公司",1a2x6bjjlo
"浩園科技股份有限公司",1a2x6bi84i
"瑪帛科技股份有限公司",1a2x6bkuyy
"大地光纖股份有限公司",a5itw4w
"均豪精密工業股份有限公司",fjmn8gw
"樂玩科技股份有限公司",1a2x6bjn0g
"環球聯通科技股份有限公司",czsvbqw
"崇威工程顧問有限公司",1a2x6blihw
"天旭國際科技有限公司",1a2x6bjyqi
"暐駿企業股份有限公司",155e5l68
"力德新能源科技有限公司",1a2x6blqhl
"太淘氣科技有限公司",1a2x6bm49c
"Axstarzy Dotcom Sdn Bhd",1a2x6bm44k
"憶貿企業股份有限公司",29bmhe0
"凡允股份有限公司",au5z2k8
"台灣東芝照明股份有限公司",10shzpvs
"崇翌科技股份有限公司",we32py0
"韓商愛思開矽得榮股份有限公司",10whgl2g
"昇頻股份有限公司",wi0phi0
"南岩半導體股份有限公司",7ju22pk
"瑞保網路科技股份有限公司",1a2x6bjgsz
"榮昌科技股份有限公司",154z9slc
"榮欽科技股份有限公司",158jyfa8
"誠遠科技股份有限公司",13ro3ue8
"晉暘科技股份有限公司",18qf6l6w
"錡創科技股份有限公司",1a2x6bijds
"筆記網路股份有限公司",1a2x6bj1f1
"奕鈦系統科技有限公司",1a2x6bisvk
"致伸科技股份有限公司",cv6lny8
"華泰電線電纜有限公司",fup1rhk
"測驗出版股份有限公司",dc68p4w
"環翔科技有限公司",1a2x6bjoyn
"震昇科技企業股份有限公司",1a2x6bjaug
"緯岑科技有限公司",1a2x6bjk9m
"震昇科技企業股份有限公司",1a2x6bjaug
"宇禾數位股份有限公司",1a2x6bk2sa
"庶正創新科技有限公司",1a2x6blmwb
"胤敦國際開發有限公司",1a2x6bltvc
"台灣盈士多科技股份有限公司",1a2x6bkijf
"創穎科技有限公司",1a2x6blkji
"菲強新創有限公司",1a2x6bm47h
"家鉅科技有限公司",1a2x6bm472
"絕對網路工程股份有限公司",1a2x6bm4bv
"岦威智控有限公司",1a2x6bm3tk
"家耕國際有限公司",1a2x6bm46n
"彪雅有限公司",1a2x6bi846
"宏迎科技有限公司",1a2x6bjz08
"誠雲科技股份有限公司",1a2x6bi9dw
"勤峰有限公司",1a2x6bkcrf
"優美科薄膜材料股份有限公司",10syo42w
"特樂通股份有限公司",1a2x6bint0
"天子電子股份有限公司",alxnkgw
"天芯科技股份有限公司",co6zrug
"韓代國際股份有限公司",12prlco8
"新加坡商亞太美德電子股份有限公司台灣分公司",wjal5dk
"香港商光影互動有限公司",1a2x6bl4ok
"麗得科技股份有限公司",1a2x6bi2yc
"奕銓科技股份有限公司",az1v84g
"捷揚航電股份有限公司",1a2x6bjesk
"飛捷科技股份有限公司",9r43ko8
"鑫賀科技股份有限公司",60ymjrc
"科群實業股份有限公司",10s734e8
"源映製作有限公司",cqvqge0
"實盈光電股份有限公司",ctix03k
"迪貿科技股份有限公司",1a2x6bkk9u
"信諾科技有限公司",10vp3ceo
"擎昊科技股份有限公司",5xunhpc
"亞迪電子股份有限公司",1a2x6bj9a3
"洋華光電股份有限公司",10vcrnew
"紅鬍子數位有限公司",1a2x6bkybs
"創想知識股份有限公司",1a2x6bluiv
"為客資訊股份有限公司",1a2x6bjgz3
"映建實業有限公司",13m8ngzc
"博弘雲端科技股份有限公司",d3axa9c
"惟聖科技股份有限公司",clbdvm0
"相對科技有限公司",1a2x6bm45h
"中鼎集團_新鼎系統股份有限公司",ae3d2xk
"萬有半導體有限公司",d8wj6zc
"達立科技股份有限公司",d0mmzzs
"英屬蓋曼群島商擷適科技股份有限公司台灣分公司",d26vazs
"綠億科技股份有限公司",bhq3oy0
"未來史卡特股份有限公司",1a2x6bm45p
"永辰科技股份有限公司",10t6nccw
"遠欣股份有限公司",wjfy11s
"台灣愛德克股份有限公司",13gzxfc0
"奕傑電子股份有限公司",18l79wn4
"長泓有限公司",18kgtvhs
"擎亞電子股份有限公司",7e8zubk
"阿托科技股份有限公司",7e10trc
"通泰積體電路股份有限公司",a95oti0
"允?有限公司",a9elgpk
"緯宇國際有限公司",1a2x6bjfsy
"科傳服務股份有限公司",1a2x6blmvk
"盛仕科技股份有限公司",1a2x6bk7ei
"果亞創意有限公司",1a2x6bm44a
"兆達股份有限公司",1a2x6bm45i
"紘信科技行",1a2x6bm462
"宏展能源科技企業社",1a2x6bm46t
"星恆科技有限公司",1a2x6bm447
"默聲創意有限公司",1a2x6bl9fx
"啟因科技股份有限公司",1a2x6ble17
"科傳服務股份有限公司",1a2x6blmvk
"霈庭能源股份有限公司",1a2x6blygh
"魔特創意有限公司",1a2x6bl2j9
"台灣迅聯通信股份有限公司",ohqigao
"宏門有限公司",b7ghn74
"鈦文科技股份有限公司",10tlgxgo
"裕倫科技股份有限公司",1a2x6bjphf
"ProFix蘋果手機維修_程迅通信有限公司",1a2x6bldxs
"小驢行股份有限公司",1a2x6bkl34
"台灣帕太科技股份有限公司",1a2x6bi7gm
"寰準數位有限公司",1a2x6blvq7
"歐森電子商務有限公司",1a2x6blg96
"泰寧股份有限公司",12ygx928
"捷將科技有限公司",cqhmiw8
"鴻昌電熱科技有限公司",10xpgbq8
"資訊星科技股份有限公司",5tkrhw0
"景旺科技股份有限公司",cvsy7oo
"奕騏有限公司",1a2x6biu74
"韻達國際股份有限公司",1a2x6bix9x
"自由數位精品通訊_自由數位精品企業社",1a2x6biham
"航龍電業有限公司",1a2x6bip1t
"尊威科技企業有限公司",we1hopc
"上賀電腦股份有限公司",1a2x6blqw6
"立巨電子股份有限公司",5u58gr4
"得利誠健康生活科技股份有限公司",155bhe7k
"利安科技股份有限公司",1a2x6bk3vo
"巨耀資訊顧問有限公司",bhid5xs
"宸揚資科股份有限公司",oh0vb9s
"創盛國際資訊科技有限公司",5w9j88o
"雅安科技有限公司",1108jlqo
"遠寬電信股份有限公司",5t8a2vk
"光元先進科技股份有限公司",7qov7og
"麻吉pos系統_碼析企業股份有限公司",5zs4ka8
"雅士博科技股份有限公司",7pb96m0
"柏怡電子股份有限公司",7sk7yko
"香港商美科鴻霆科技有限公司",d2265hk
"聯穎光電股份有限公司",ofc79i0
"台灣AGC電子_台灣艾杰旭電子股份有限公司中壢分公司",oigxy5k
"日商HORIBA_台灣堀場股份有限公司",1a2x6bi0mn
"嵐雅光學股份有限公司",1a2x6bi901
"創義達科技股份有限公司",1a2x6biv5b
"木易通科技有限公司",1a2x6bktro
"台灣聯?電子有限公司",1a2x6bl9kh
"智雲資訊服務有限公司",1a2x6blmv4
"星樂創有限公司",1a2x6blnkt
"永榮發興業股份有限公司",1a2x6blva5
"betwo影像製作_白兔影音國際有限公司",1a2x6bkov3
"享讚電子股份有限公司",1a2x6bm43d
"啟恆國際科技有限公司",1a2x6bm3yc
"Alto Semiconductors Inc._美商安拓半導體有限公司台灣分公司",1a2x6bm424
"宏典國際行銷有限公司",1a2x6bm43f
"全球智匯鏈科技有限公司",1a2x6bm43z
"祥翊資訊科技有限公司",1a2x6bm443
"永榮發興業股份有限公司",1a2x6blva5
"享讚電子股份有限公司",1a2x6bm43d
"艾夏有限公司",1a2x6bjyat
"品閣有限公司",1a2x6bijlg
"百揚資訊科技有限公司",autmdxs
"堡達實業股份有限公司",ae6tb5k
"青騰國際有限公司",dayle08
"盛星科技股份有限公司",1a2x6bjptb
"佳鴻科技股份有限公司",110dgbmg
"長鴻電子股份有限公司",7s4mtyg
"和群科技有限公司",1a2x6bj1zc
"加國太陽能股份有限公司",1a2x6bligd
"摩鉅科技股份有限公司",dbtr2eo
"長瀛科技股份有限公司",cjc6768
"麟數據科技股份有限公司",1a2x6bjpwh
"英薩吉有限公司",1a2x6blu9h
"谷宇科技股份有限公司",1a2x6bkbgp
"亞太資電科技股份有限公司",10xi74y8
"良泰國際有限公司",1a2x6blyxn
"馬來西亞商科藝工程有限公司台灣分公司",ciiycns
"紅貴賓資訊有限公司",1a2x6bkljz
"羊咩咩整合行銷有限公司",1a2x6blfi3
"澄安國際有限公司",1a2x6bm3zd
"主橙資訊科技股份有限公司",1a2x6bkq6n
"長貫股份有限公司",av80vu0
"正詠資訊股份有限公司",aob4xyo
"傳奇網路遊戲股份有限公司",5ylgmaw
"Cutaway卡個位 _賽米資訊股份有限公司",1a2x6bkk5f
"前瞻資訊休閒社",6lrw888
"大盚q線電纜股份有限公司",13qur8l4
"金協昌科技股份有限公司",12ukt18o
"睿志科技有限公司",18oh06ko
"劼利企業有限公司",1a2x6bifjv
"雲端行動科技股份有限公司",1a2x6bia1x
"同誠科技有限公司",1a2x6biils
"銘承科技有限公司",1a2x6bj33u
"TechNexion Ltd_彤晟科技股份有限公司",crrrdsg
"台灣愛司帝科技股份有限公司",d650p2o
"Vyond_香港商高創動訊有限公司台灣分公司",1a2x6bj7q6
"崴遠科技股份有限公司",1a2x6bki79
"台灣歐瑞康巴爾查斯鍍膜股份有限公司",1a2x6bkq2q
"製造本事股份有限公司",1a2x6bkvwr
"全國達康股份有限公司",1a2x6bl3v7
"台灣捷時雅電子材料股份有限公司",1a2x6bm3wp
"耀鎂企業社",1a2x6bm3zh
"載雲網路有限公司",1a2x6bm40j
"NVIDIA_新加坡商輝達開發有限公司台灣分公司",1a2x6bm42t
"通泰克科技股份有限公司",1a2x6bm416
"迅捷光電有限公司",1a2x6bl76a
"日商美笛軻蘇電子科技股份有限公司",1a2x6bix6a
"元昱科技有限公司",1a2x6bm1ik
"聖勝科技有限公司",1a2x6bl2uf
"公旭實業股份有限公司",1565vyj4
"萬達人工智慧科技股份有限公司",1a2x6bl7mp
"仕川國際有限公司",1a2x6blpjk
"城邦科技有限公司",1a2x6biv68
"世創生物科技股份有限公司",1a2x6bkux7
"東廣科技有限公司",1a2x6biieq
"金嶧機電股份有限公司",7dskcc8
"漸強賴伯股份有限公司",1a2x6bklsl
"Flextronics International (Taiwan) Ltd_偉創力股份有限公司",as2ph1c
"九亨國際股份有限公司",csk7lpc
"新瑞系統有限公司",1a2x6bi6ya
"Benchmark Internet Group_奔馳雲端科技有限公司",ojqmo14
"勝弘鐳射科技股份有限公司",d3fsgl4
"海神網路科技有限公司",1a2x6blxom
"元鐙金屬股份有限公司",gohc6zk
"休斯微技術股份有限公司",10xn66xs
"奕誠精密有限公司",7l6yrqo
"隼征股份有限公司",1a2x6bkhjx
"虎椰製作工作室",117fhj8w
"台灣旅圖資訊股份有限公司",b6ifzqo
"哇嗚數位創意股份有限公司",1a2x6bi6t8
"神聚系統整合有限公司",1a2x6blyrz
"智新資通股份有限公司",cteertk
"金磚通訊科技股份有限公司",1a2x6biccl
"幅銳態科技股份有限公司",olm2s2g
"吉昌科技有限公司",1a2x6bl8ai
"億科國際股份有限公司",5tx2p4w
"恆鈦能源股份有限公司",5vpfxns
"捷虹資訊股份有限公司",1a2x6bkkhg
"V523地產資訊網_金韋翰科技有限公司",1a2x6bic1f
"騰富科技股份有限公司",wfdhsw8
"允臣有限公司",1a2x6blf93
"飛資得資訊股份有限公司",afnxr5c
"美商浪橋科技股份有限公司_Splashtop Inc.",cu8hxnc
"安源科技有限公司",cvshfio
"全一電子股份有限公司",vvh5kco
"正圓興業股份有限公司",13jv4x1s
"億杰科技股份有限公司",12nz7rsw
